-- phpMyAdmin SQL Dump
-- version 4.7.7
-- https://www.phpmyadmin.net/
--
-- Host: localhost:3306
-- Generation Time: Nov 15, 2018 at 05:17 AM
-- Server version: 5.7.24
-- PHP Version: 5.6.30

SET SQL_MODE = "NO_AUTO_VALUE_ON_ZERO";
SET AUTOCOMMIT = 0;
START TRANSACTION;
SET time_zone = "+00:00";


/*!40101 SET @OLD_CHARACTER_SET_CLIENT=@@CHARACTER_SET_CLIENT */;
/*!40101 SET @OLD_CHARACTER_SET_RESULTS=@@CHARACTER_SET_RESULTS */;
/*!40101 SET @OLD_COLLATION_CONNECTION=@@COLLATION_CONNECTION */;
/*!40101 SET NAMES utf8mb4 */;

--
-- Database: `hotelsee_db1`
--

-- --------------------------------------------------------

--
-- Table structure for table `auth_assignment`
--

CREATE TABLE `auth_assignment` (
  `item_name` varchar(64) COLLATE utf8_unicode_ci NOT NULL,
  `user_id` varchar(64) COLLATE utf8_unicode_ci NOT NULL,
  `created_at` int(11) DEFAULT NULL
) ENGINE=InnoDB DEFAULT CHARSET=utf8 COLLATE=utf8_unicode_ci;

--
-- Dumping data for table `auth_assignment`
--

INSERT INTO `auth_assignment` (`item_name`, `user_id`, `created_at`) VALUES
('manager', '31', 1531229246),
('manager', '33', 1531294496),
('manager', '38', 1531745763),
('manager', '40', 1531755900),
('manager', '41', 1531836113),
('manager', '44', 1531899286),
('manager', '48', 1532149448),
('manager', '50', 1532151987),
('user', '30', 1531229156),
('user', '32', 1531229522),
('user', '34', 1531572521),
('user', '35', 1531639106),
('user', '36', 1531742256),
('user', '37', 1531742536),
('user', '39', 1531745911),
('user', '42', 1531895856),
('user', '43', 1531896512),
('user', '45', 1531994684),
('user', '46', 1532076161),
('user', '47', 1532098454),
('user', '49', 1532149463);

-- --------------------------------------------------------

--
-- Table structure for table `auth_item`
--

CREATE TABLE `auth_item` (
  `name` varchar(64) COLLATE utf8_unicode_ci NOT NULL,
  `type` smallint(6) NOT NULL,
  `description` text COLLATE utf8_unicode_ci,
  `rule_name` varchar(64) COLLATE utf8_unicode_ci DEFAULT NULL,
  `data` blob,
  `created_at` int(11) DEFAULT NULL,
  `updated_at` int(11) DEFAULT NULL
) ENGINE=InnoDB DEFAULT CHARSET=utf8 COLLATE=utf8_unicode_ci;

--
-- Dumping data for table `auth_item`
--

INSERT INTO `auth_item` (`name`, `type`, `description`, `rule_name`, `data`, `created_at`, `updated_at`) VALUES
('admin', 1, NULL, NULL, NULL, 1531034325, 1531034325),
('manager', 1, NULL, NULL, NULL, 1531034325, 1531034325),
('user', 1, NULL, NULL, NULL, 1531034325, 1531034325);

-- --------------------------------------------------------

--
-- Table structure for table `auth_item_child`
--

CREATE TABLE `auth_item_child` (
  `parent` varchar(64) COLLATE utf8_unicode_ci NOT NULL,
  `child` varchar(64) COLLATE utf8_unicode_ci NOT NULL
) ENGINE=InnoDB DEFAULT CHARSET=utf8 COLLATE=utf8_unicode_ci;

-- --------------------------------------------------------

--
-- Table structure for table `auth_rule`
--

CREATE TABLE `auth_rule` (
  `name` varchar(64) COLLATE utf8_unicode_ci NOT NULL,
  `data` blob,
  `created_at` int(11) DEFAULT NULL,
  `updated_at` int(11) DEFAULT NULL
) ENGINE=InnoDB DEFAULT CHARSET=utf8 COLLATE=utf8_unicode_ci;

-- --------------------------------------------------------

--
-- Table structure for table `migration`
--

CREATE TABLE `migration` (
  `version` varchar(180) COLLATE utf8_persian_ci NOT NULL,
  `apply_time` int(11) DEFAULT NULL
) ENGINE=InnoDB DEFAULT CHARSET=utf8 COLLATE=utf8_persian_ci;

--
-- Dumping data for table `migration`
--

INSERT INTO `migration` (`version`, `apply_time`) VALUES
('m000000_000000_base', 1529906091),
('m130524_201442_init', 1529906094),
('m140506_102106_rbac_init', 1529906129),
('m170907_052038_rbac_add_index_on_auth_assignment_user_id', 1529906129);

-- --------------------------------------------------------

--
-- Table structure for table `tbhotel`
--

CREATE TABLE `tbhotel` (
  `id` int(11) NOT NULL,
  `name_hotel` varchar(300) COLLATE utf8_persian_ci NOT NULL,
  `name_hotel_en` varchar(300) COLLATE utf8_persian_ci NOT NULL,
  `name_manager_hotel` varchar(300) COLLATE utf8_persian_ci NOT NULL,
  `address_hotel` varchar(300) COLLATE utf8_persian_ci NOT NULL,
  `addrerss_hotel_en` varchar(300) COLLATE utf8_persian_ci NOT NULL,
  `city_hotel` varchar(300) COLLATE utf8_persian_ci NOT NULL,
  `city_hotel_en` varchar(300) COLLATE utf8_persian_ci NOT NULL,
  `status_star` varchar(300) COLLATE utf8_persian_ci NOT NULL,
  `map_x` double DEFAULT NULL,
  `map_y` double DEFAULT NULL,
  `phone` varchar(300) COLLATE utf8_persian_ci NOT NULL,
  `mobile_manager` int(11) NOT NULL,
  `logo_hotel` varchar(300) COLLATE utf8_persian_ci NOT NULL,
  `date` date NOT NULL,
  `time` int(11) NOT NULL,
  `time_end` int(11) NOT NULL,
  `general_information` text COLLATE utf8_persian_ci,
  `general_information_en` text COLLATE utf8_persian_ci,
  `space` text COLLATE utf8_persian_ci,
  `space_en` text COLLATE utf8_persian_ci,
  `roles` text COLLATE utf8_persian_ci,
  `roles_en` text COLLATE utf8_persian_ci,
  `cod_manager` varchar(300) COLLATE utf8_persian_ci NOT NULL,
  `hom_count` int(11) NOT NULL
) ENGINE=InnoDB DEFAULT CHARSET=utf8 COLLATE=utf8_persian_ci;

--
-- Dumping data for table `tbhotel`
--

INSERT INTO `tbhotel` (`id`, `name_hotel`, `name_hotel_en`, `name_manager_hotel`, `address_hotel`, `addrerss_hotel_en`, `city_hotel`, `city_hotel_en`, `status_star`, `map_x`, `map_y`, `phone`, `mobile_manager`, `logo_hotel`, `date`, `time`, `time_end`, `general_information`, `general_information_en`, `space`, `space_en`, `roles`, `roles_en`, `cod_manager`, `hom_count`) VALUES
(13, 'گامبرون', 'GAMBERON', 'آقای سیستانی', 'گیش- -میدان ساحل-خیابان لوپ پرتو انگار-هتل گامبرون', 'kish-hotel gamberon', 'کیش', 'kish', '4star', NULL, NULL, '0913456030', 2147483647, 'image.jpg', '2018-07-18', 1531901292, 1, '', '', '', '', '', '', '1-13-1657', 106);

-- --------------------------------------------------------

--
-- Table structure for table `tblcathotel`
--

CREATE TABLE `tblcathotel` (
  `id` int(11) NOT NULL,
  `id_hotel` int(11) NOT NULL,
  `title` varchar(300) COLLATE utf8_persian_ci NOT NULL,
  `title_en` varchar(300) COLLATE utf8_persian_ci NOT NULL,
  `logo` varchar(300) COLLATE utf8_persian_ci NOT NULL
) ENGINE=InnoDB DEFAULT CHARSET=utf8 COLLATE=utf8_persian_ci;

--
-- Dumping data for table `tblcathotel`
--

INSERT INTO `tblcathotel` (`id`, `id_hotel`, `title`, `title_en`, `logo`) VALUES
(1, 4, 'd', 'fgdg', '1.jpeg'),
(2, 7, 'یبس', 'dsfs', 'download.png'),
(3, 8, 'd', 'dsfs', 'car.png'),
(4, 6, 'اللا', 'تا', 'a5008801441b444109b7ede906b67d9f--iphone-backgrounds-jazz.jpg'),
(5, 11, 'رستوران', 'restouran', 'send.png'),
(6, 13, 'کافی شاپ', 'Cafe shop', 'index.jpg'),
(7, 13, 'حنا کاری وبافت مو', 'HANA KARI', '87878.jpg'),
(8, 13, 'رستوران', 'restaurant', 'لوگو-رستوان-و-غذا-خوری.jpg'),
(10, 13, 'عکاسی', 'PHOTO', 'images.png'),
(11, 13, 'اجاره خودرو', 'a', 'images435.png'),
(12, 13, 'پیرایشگاه', 'p', '699.jpg'),
(13, 13, 'لاندری ', 'l', 'com.ariyad.laundry_0.png'),
(14, 13, 'گردشگری', 'Gardeshgari', 'Untitled.jpg'),
(15, 13, 'پذیرش', 'paziresh', 'index567.jpg'),
(16, 13, 'سالن بیلیارد', 'b', 'index4.jpg'),
(17, 13, 'خانه داری', 'k', 'vacuum-cleaner-300x300.png'),
(18, 13, 'مدیریت', 'm', '2.png');

-- --------------------------------------------------------

--
-- Table structure for table `tblcatpost`
--

CREATE TABLE `tblcatpost` (
  `id` int(11) NOT NULL,
  `id_parent` int(11) NOT NULL,
  `logo` varchar(300) COLLATE utf8_persian_ci NOT NULL,
  `description` varchar(100) COLLATE utf8_persian_ci NOT NULL,
  `title` varchar(300) COLLATE utf8_persian_ci NOT NULL,
  `enable` int(11) DEFAULT '1'
) ENGINE=InnoDB DEFAULT CHARSET=utf8 COLLATE=utf8_persian_ci;

--
-- Dumping data for table `tblcatpost`
--

INSERT INTO `tblcatpost` (`id`, `id_parent`, `logo`, `description`, `title`, `enable`) VALUES
(1, 0, 'usd', 'تخفیفات یا برترین ها', 'تخفیفات یا برترین ها', 1),
(2, 0, 'compass', 'قبله نما', 'قبله نما', 1),
(3, 0, 'hospital-o', 'تلفن های ضروری', 'تلفن های ضروری', 1),
(4, 0, 'plane', 'بلیط هواپیما', 'بلیط هواپیما', 1),
(5, 0, 'shopping-cart', 'مراکز خرید', 'مراکز خرید', 1),
(6, 0, 'ticket', 'رزرو هتل', 'رزرو هتل', 1),
(7, 0, 'image', 'مراکز گردشگری', 'مراکز گردشگری', 1),
(8, 0, 'exclamation-circle', 'درباره کیش', 'درباره کیش', 1),
(9, 4, '1.jpeg', 'بلیط های چارتری', 'لیط های چارتری', 1),
(10, 4, 'logo.png', 'sfd', 'رزرو انلاین', 1);

-- --------------------------------------------------------

--
-- Table structure for table `tblcod`
--

CREATE TABLE `tblcod` (
  `id` int(11) NOT NULL,
  `id_hotel` int(11) NOT NULL,
  `code` varchar(300) COLLATE utf8_persian_ci NOT NULL,
  `enable` int(11) NOT NULL DEFAULT '1'
) ENGINE=InnoDB DEFAULT CHARSET=utf8 COLLATE=utf8_persian_ci;

--
-- Dumping data for table `tblcod`
--

INSERT INTO `tblcod` (`id`, `id_hotel`, `code`, `enable`) VALUES
(1, 7, '0-7-9050706', 0),
(2, 7, '0-7-4088354', 0),
(3, 7, '0-7-3473679', 0),
(4, 7, '0-7-4295963', 0),
(5, 7, '0-7-3754873', 0),
(6, 7, '0-7-2859244', 0),
(7, 8, '0-8-1460874', 0),
(8, 7, '0-7-2487353', 1),
(9, 7, '0-7-8429907', 1),
(10, 7, '0-7-5951898', 1),
(11, 7, '0-7-3028211', 1),
(12, 7, '0-7-5148508', 1),
(13, 7, '0-7-4085819', 1),
(14, 7, '0-7-1680199', 1),
(15, 7, '0-7-5603111', 1),
(16, 7, '0-7-7076386', 1),
(17, 7, '0-7-3895047', 1),
(18, 7, '0-7-9750768', 1),
(19, 7, '0-7-2881798', 1),
(20, 7, '0-7-8341191', 1),
(21, 7, '0-7-7727452', 1),
(22, 7, '0-7-4157690', 1),
(23, 7, '0-7-4054582', 1),
(24, 7, '0-7-6822330', 1),
(25, 7, '0-7-4799227', 1),
(26, 7, '0-7-2626412', 1),
(27, 7, '0-7-5489688', 1),
(28, 7, '0-7-118960', 1),
(29, 7, '0-7-8757619', 1),
(30, 7, '0-7-3147664', 1),
(31, 7, '0-7-8460898', 1),
(32, 7, '0-7-8509980', 1),
(33, 7, '0-7-1045382', 1),
(34, 7, '0-7-1473576', 1),
(35, 7, '0-7-2510883', 1),
(36, 7, '0-7-2234399', 1),
(37, 7, '0-7-378675', 1),
(38, 7, '0-7-7179624', 1),
(39, 7, '0-7-2066353', 1),
(40, 7, '0-7-5432994', 1),
(41, 7, '0-7-5932759', 1),
(42, 7, '0-7-5401083', 1),
(43, 7, '0-7-6716445', 1),
(44, 7, '0-7-3874667', 1),
(45, 7, '0-7-4438725', 1),
(46, 7, '0-7-1755892', 1),
(47, 7, '0-7-485749', 1),
(48, 7, '0-7-1210145', 1),
(49, 7, '0-7-9689394', 1),
(50, 7, '0-7-7863350', 1),
(51, 7, '0-7-2381379', 1),
(52, 7, '0-7-2788913', 1),
(53, 7, '0-7-4552556', 1),
(54, 7, '0-7-4564383', 1),
(55, 7, '0-7-2114158', 1),
(56, 7, '0-7-869242', 1),
(57, 7, '0-7-7395689', 1),
(58, 7, '0-7-9188535', 1),
(59, 7, '0-7-1743706', 1),
(60, 7, '0-7-518542', 1),
(61, 7, '0-7-6695654', 1),
(62, 7, '0-7-6303299', 1),
(63, 7, '0-7-5469477', 1),
(64, 7, '0-7-9474938', 1),
(65, 7, '0-7-9335644', 1),
(66, 7, '0-7-9339566', 1),
(67, 7, '0-7-5570850', 1),
(68, 7, '0-7-4809776', 1),
(69, 7, '0-7-9996641', 1),
(70, 7, '0-7-5901204', 1),
(71, 7, '0-7-3655932', 1),
(72, 7, '0-7-9855539', 1),
(73, 7, '0-7-3856135', 1),
(74, 7, '0-7-255718', 1),
(75, 7, '0-7-5760704', 1),
(76, 7, '0-7-717888', 1),
(77, 7, '0-7-8188537', 1),
(78, 7, '0-7-7873590', 1),
(79, 7, '0-7-3263914', 1),
(80, 7, '0-7-9060141', 1),
(81, 7, '0-7-2061090', 1),
(82, 7, '0-7-2644027', 1),
(83, 7, '0-7-3747385', 1),
(84, 7, '0-7-4578880', 1),
(85, 7, '0-7-6297995', 1),
(86, 7, '0-7-6093581', 1),
(87, 7, '0-7-3422904', 1),
(88, 7, '0-7-3960237', 1),
(89, 7, '0-7-3024454', 1),
(90, 7, '0-7-5539885', 1),
(91, 7, '0-7-2584199', 1),
(92, 7, '0-7-5360105', 1),
(93, 7, '0-7-7763481', 1),
(94, 7, '0-7-3824570', 1),
(95, 7, '0-7-1904428', 1),
(96, 7, '0-7-3952826', 1),
(97, 7, '0-7-4916678', 1),
(98, 7, '0-7-5514868', 1),
(99, 7, '0-7-5311320', 1),
(100, 7, '0-7-3391699', 1),
(101, 7, '0-7-5140548', 1),
(102, 7, '0-7-6802631', 1),
(103, 7, '0-7-8236202', 1),
(104, 7, '0-7-5207872', 1),
(105, 7, '0-7-2821837', 1),
(106, 7, '0-7-2338273', 1),
(107, 7, '0-7-4362781', 1),
(108, 7, '0-7-4724959', 1),
(109, 7, '0-7-381610', 1),
(110, 7, '0-7-9063249', 1),
(111, 7, '0-7-7333177', 1),
(112, 7, '0-7-5060449', 1),
(113, 7, '0-7-7145406', 1),
(114, 7, '0-7-7697596', 1),
(115, 7, '0-7-1379756', 1),
(116, 7, '0-7-4931006', 1),
(117, 7, '0-7-5543520', 1),
(118, 7, '0-7-7860545', 1),
(119, 7, '0-7-1737622', 1),
(120, 7, '0-7-4872030', 1),
(121, 7, '0-7-3775417', 1),
(122, 7, '0-7-8401982', 1),
(123, 7, '0-7-740815', 1),
(124, 7, '0-7-992656', 1),
(125, 7, '0-7-3932803', 1),
(126, 7, '0-7-6646523', 1),
(127, 7, '0-7-1315386', 1),
(128, 7, '0-7-3507960', 1),
(129, 7, '0-7-1817873', 1),
(130, 7, '0-7-4664172', 1),
(131, 7, '0-7-6392370', 1),
(132, 7, '0-7-8070821', 1),
(133, 7, '0-7-3835444', 1),
(134, 7, '0-7-4013507', 1),
(135, 7, '0-7-5902347', 1),
(136, 7, '0-7-9017155', 1),
(137, 7, '0-7-719311', 1),
(138, 7, '0-7-7407588', 1),
(139, 7, '0-7-8590432', 1),
(140, 7, '0-7-1436051', 1),
(141, 7, '0-7-9767673', 1),
(142, 7, '0-7-1543844', 1),
(143, 7, '0-7-2932613', 1),
(144, 7, '0-7-7666210', 1),
(145, 7, '0-7-959478', 1),
(146, 7, '0-7-1123452', 1),
(147, 7, '0-7-2516986', 1),
(148, 7, '0-7-8677258', 1),
(149, 7, '0-7-7428393', 1),
(150, 7, '0-7-7334135', 1),
(151, 7, '0-7-9168964', 1),
(152, 7, '0-7-9305839', 1),
(153, 7, '0-7-2858222', 1),
(154, 7, '0-7-3095150', 1),
(155, 7, '0-7-5858348', 1),
(156, 7, '0-7-9324803', 1),
(157, 7, '0-7-3777156', 1),
(158, 7, '0-7-8890481', 1),
(159, 7, '0-7-9470591', 1),
(160, 7, '0-7-1909573', 1),
(161, 7, '0-7-2541779', 1),
(162, 7, '0-7-6069486', 1),
(163, 7, '0-7-3506291', 1),
(164, 7, '0-7-4144076', 1),
(165, 7, '0-7-8546791', 1),
(166, 7, '0-7-1326955', 1),
(167, 7, '0-7-7478085', 1),
(168, 7, '0-7-9511604', 1),
(169, 7, '0-7-2393641', 1),
(170, 7, '0-7-9357640', 1),
(171, 7, '0-7-3224269', 1),
(172, 7, '0-7-9081293', 1),
(173, 7, '0-7-9077085', 1),
(174, 7, '0-7-4923253', 1),
(175, 7, '0-7-2473319', 1),
(176, 7, '0-7-3763023', 1),
(177, 7, '0-7-1794754', 1),
(178, 7, '0-7-3508024', 1),
(179, 7, '0-7-8737624', 1),
(180, 7, '0-7-3162155', 1),
(181, 7, '0-7-5071339', 1),
(182, 7, '0-7-1904464', 1),
(183, 7, '0-7-5046672', 1),
(184, 7, '0-7-328116', 1),
(185, 7, '0-7-2762522', 1),
(186, 7, '0-7-7143629', 1),
(187, 7, '0-7-264019', 1),
(188, 7, '0-7-4803330', 1),
(189, 7, '0-7-6394923', 1),
(190, 7, '0-7-8598973', 1),
(191, 7, '0-7-6846361', 1),
(192, 7, '0-7-9015511', 1),
(193, 7, '0-7-3605207', 1),
(194, 7, '0-7-6627869', 1),
(195, 7, '0-7-7961770', 1),
(196, 7, '0-7-4296881', 1),
(197, 7, '0-7-246600', 1),
(198, 7, '0-7-6677092', 1),
(199, 7, '0-7-9705627', 1),
(200, 7, '0-7-5225125', 1),
(201, 7, '0-7-4713497', 1),
(202, 7, '0-7-6239750', 1),
(203, 7, '0-7-8243411', 1),
(204, 7, '0-7-8720046', 1),
(205, 7, '0-7-2880247', 1),
(206, 7, '0-7-1998518', 1),
(207, 7, '0-7-3953163', 1),
(208, 7, '0-7-9461318', 1),
(209, 7, '0-7-6320281', 1),
(210, 7, '0-7-5244322', 1),
(211, 7, '0-7-7242817', 1),
(212, 7, '0-7-1807664', 1),
(213, 7, '0-7-9500791', 1),
(214, 7, '0-7-9004678', 1),
(215, 7, '0-7-6694997', 1),
(216, 7, '0-7-5267630', 1),
(217, 7, '0-7-884207', 1),
(218, 7, '0-7-4477959', 1),
(219, 7, '0-7-9708351', 1),
(220, 7, '0-7-8279498', 1),
(221, 7, '0-7-8837715', 1),
(222, 7, '0-7-4745547', 1),
(223, 7, '0-7-4836665', 1),
(224, 7, '0-7-9845149', 1),
(225, 7, '0-7-5634151', 1),
(226, 7, '0-7-2848910', 1),
(227, 7, '0-7-1709053', 1),
(228, 7, '0-7-7313564', 1),
(229, 7, '0-7-430283', 1),
(230, 7, '0-7-1428146', 1),
(231, 7, '0-7-7344368', 1),
(232, 7, '0-7-1778695', 1),
(233, 7, '0-7-6257443', 1),
(234, 7, '0-7-7185416', 1),
(235, 7, '0-7-9758721', 1),
(236, 7, '0-7-3715150', 1),
(237, 7, '0-7-2206015', 1),
(238, 7, '0-7-7667255', 1),
(239, 7, '0-7-7691121', 1),
(240, 7, '0-7-4814809', 1),
(241, 7, '0-7-2528405', 1),
(242, 7, '0-7-6068261', 1),
(243, 7, '0-7-514398', 1),
(244, 7, '0-7-4657816', 1),
(245, 7, '0-7-7542963', 1),
(246, 7, '0-7-798769', 1),
(247, 7, '0-7-4466044', 1),
(248, 7, '0-7-9557206', 1),
(249, 7, '0-7-2345700', 1),
(250, 7, '0-7-9187662', 1),
(251, 7, '0-7-6018584', 1),
(252, 7, '0-7-5456560', 1),
(253, 7, '0-7-8776397', 1),
(254, 7, '0-7-6581738', 1),
(255, 7, '0-7-2367841', 1),
(256, 7, '0-7-7253441', 1),
(257, 7, '0-7-2233155', 1),
(258, 7, '0-7-8346363', 1),
(259, 7, '0-7-4546661', 1),
(260, 7, '0-7-6014952', 1),
(261, 7, '0-7-1604286', 1),
(262, 7, '0-7-4981186', 1),
(263, 7, '0-7-7275619', 1),
(264, 7, '0-7-1050467', 1),
(265, 7, '0-7-4132032', 1),
(266, 7, '0-7-1218630', 1),
(267, 7, '0-7-6636764', 1),
(268, 7, '0-7-4405952', 1),
(269, 7, '0-7-2283135', 1),
(270, 7, '0-7-1315781', 1),
(271, 7, '0-7-1687641', 1),
(272, 7, '0-7-5010569', 1),
(273, 7, '0-7-1615985', 1),
(274, 7, '0-7-5084180', 1),
(275, 7, '0-7-2825974', 1),
(276, 7, '0-7-6168252', 1),
(277, 7, '0-7-3938182', 1),
(278, 7, '0-7-6845231', 1),
(279, 7, '0-7-4270224', 1),
(280, 7, '0-7-5077041', 1),
(281, 7, '0-7-7457290', 1),
(282, 7, '0-7-3343177', 1),
(283, 7, '0-7-9703392', 1),
(284, 7, '0-7-7342755', 1),
(285, 7, '0-7-9678173', 1),
(286, 7, '0-7-5514370', 1),
(287, 7, '0-7-6403808', 1),
(288, 7, '0-7-3212157', 1),
(289, 7, '0-7-4128585', 1),
(290, 7, '0-7-5398731', 1),
(291, 7, '0-7-7226935', 1),
(292, 7, '0-7-6724129', 1),
(293, 7, '0-7-6947898', 1),
(294, 7, '0-7-393441', 1),
(295, 7, '0-7-9672449', 1),
(296, 7, '0-7-9494734', 1),
(297, 7, '0-7-4252630', 1),
(298, 7, '0-7-9925809', 1),
(299, 7, '0-7-5217644', 1),
(300, 7, '0-7-3748167', 1),
(301, 7, '0-7-1858492', 1),
(302, 7, '0-7-4247214', 1),
(303, 7, '0-7-2826938', 1),
(304, 7, '0-7-2230432', 1),
(305, 7, '0-7-5789153', 1),
(306, 7, '0-7-9374479', 1),
(307, 7, '0-7-3886075', 1),
(308, 7, '0-7-3471713', 1),
(309, 7, '0-7-6575355', 1),
(310, 7, '0-7-2313308', 1),
(311, 7, '0-7-1275675', 1),
(312, 7, '0-7-3823976', 1),
(313, 7, '0-7-7740282', 1),
(314, 7, '0-7-4835145', 1),
(315, 7, '0-7-4543171', 1),
(316, 7, '0-7-9785394', 1),
(317, 7, '0-7-6514301', 1),
(318, 7, '0-7-9959661', 1),
(319, 7, '0-7-7772819', 1),
(320, 7, '0-7-3651994', 1),
(321, 7, '0-7-7292872', 1),
(322, 7, '0-7-5244534', 1),
(323, 7, '0-7-5449422', 1),
(324, 7, '0-7-3020290', 1),
(325, 7, '0-7-6835863', 1),
(326, 7, '0-7-8192951', 1),
(327, 7, '0-7-3095512', 1),
(328, 7, '0-7-8498809', 1),
(329, 7, '0-7-130262', 1),
(330, 7, '0-7-7043110', 1),
(331, 7, '0-7-269320', 1),
(332, 7, '0-7-9541322', 1),
(333, 7, '0-7-1675067', 1),
(334, 7, '0-7-6736324', 1),
(335, 7, '0-7-8416047', 1),
(336, 7, '0-7-4731946', 1),
(337, 7, '0-7-339458', 1),
(338, 7, '0-7-2305742', 1),
(339, 7, '0-7-5314121', 1),
(340, 7, '0-7-4729270', 1),
(341, 7, '0-7-466743', 1),
(342, 7, '0-7-4404738', 1),
(343, 7, '0-7-9288086', 1),
(344, 7, '0-7-665192', 1),
(345, 7, '0-7-7452282', 1),
(346, 7, '0-7-4190065', 1),
(347, 7, '0-7-3923379', 1),
(348, 7, '0-7-4242842', 1),
(349, 7, '0-7-8533692', 1),
(350, 7, '0-7-6280467', 1),
(351, 7, '0-7-6629392', 1),
(352, 7, '0-7-9958679', 1),
(353, 7, '0-7-1643843', 1),
(354, 7, '0-7-9432977', 1),
(355, 7, '0-7-587872', 1),
(356, 7, '0-7-3662175', 1),
(357, 7, '0-7-7985378', 1),
(358, 7, '0-7-1096310', 1),
(359, 7, '0-7-3841564', 1),
(360, 7, '0-7-7663673', 1),
(361, 7, '0-7-3011407', 1),
(362, 7, '0-7-9043447', 1),
(363, 7, '0-7-7125351', 1),
(364, 7, '0-7-3301259', 1),
(365, 7, '0-7-8757060', 1),
(366, 7, '0-7-5690315', 1),
(367, 7, '0-7-832875', 1),
(368, 7, '0-7-7481118', 1),
(369, 7, '0-7-831235', 1),
(370, 7, '0-7-7402024', 1),
(371, 7, '0-7-7989515', 1),
(372, 7, '0-7-835081', 1),
(373, 7, '0-7-7332338', 1),
(374, 7, '0-7-9273695', 1),
(375, 7, '0-7-6470254', 1),
(376, 7, '0-7-1405071', 1),
(377, 7, '0-7-3487447', 1),
(378, 7, '0-7-6229378', 1),
(379, 7, '0-7-7290362', 1),
(380, 7, '0-7-4621144', 1),
(381, 7, '0-7-396930', 1),
(382, 7, '0-7-4989625', 1),
(383, 7, '0-7-7621014', 1),
(384, 7, '0-7-1639708', 1),
(385, 7, '0-7-2820369', 1),
(386, 7, '0-7-7806987', 1),
(387, 7, '0-7-8993376', 1),
(388, 7, '0-7-3774723', 1),
(389, 7, '0-7-5088467', 1),
(390, 7, '0-7-3619002', 1),
(391, 7, '0-7-8321010', 1),
(392, 7, '0-7-749531', 1),
(393, 7, '0-7-5897889', 1),
(394, 7, '0-7-3948746', 1),
(395, 7, '0-7-171172', 1),
(396, 7, '0-7-4102058', 1),
(397, 7, '0-7-1600137', 1),
(398, 7, '0-7-1580970', 1),
(399, 7, '0-7-1861204', 1),
(400, 7, '0-7-7899472', 1),
(401, 7, '0-7-9102331', 1),
(402, 7, '0-7-4938568', 1),
(403, 7, '0-7-5850259', 1),
(404, 7, '0-7-5607993', 1),
(405, 7, '0-7-6370171', 1),
(406, 7, '0-7-3877393', 1),
(407, 7, '0-7-3296807', 1),
(408, 7, '0-7-8859994', 1),
(409, 7, '0-7-6615246', 1),
(410, 7, '0-7-4871133', 1),
(411, 7, '0-7-6662949', 1),
(412, 7, '0-7-5626976', 1),
(413, 7, '0-7-5427337', 1),
(414, 7, '0-7-4924380', 1),
(415, 7, '0-7-1681820', 1),
(416, 7, '0-7-8547292', 1),
(417, 7, '0-7-5507967', 1),
(418, 7, '0-7-912666', 1),
(419, 7, '0-7-370897', 1),
(420, 7, '0-7-1577087', 1),
(421, 7, '0-7-9483267', 1),
(422, 7, '0-7-6958529', 1),
(423, 7, '0-7-5853321', 1),
(424, 7, '0-7-1813622', 1),
(425, 7, '0-7-7898975', 1),
(426, 7, '0-7-2506247', 1),
(427, 7, '0-7-6008136', 1),
(428, 7, '0-7-3393509', 1),
(429, 7, '0-7-1116574', 1),
(430, 7, '0-7-8370858', 1),
(431, 7, '0-7-5136397', 1),
(432, 7, '0-7-2246487', 1),
(433, 7, '0-7-8286347', 1),
(434, 7, '0-7-2920978', 1),
(435, 7, '0-7-5961496', 1),
(436, 7, '0-7-1269294', 1),
(437, 7, '0-7-5544666', 1),
(438, 7, '0-7-8839494', 1),
(439, 7, '0-7-6602699', 1),
(440, 7, '0-7-7460515', 1),
(441, 7, '0-7-208649', 1),
(442, 7, '0-7-9556904', 1),
(443, 7, '0-7-2087863', 1),
(444, 7, '0-7-4170071', 1),
(445, 7, '0-7-1740836', 1),
(446, 7, '0-7-5807388', 1),
(447, 7, '0-7-4876810', 1),
(448, 7, '0-7-7015698', 1),
(449, 7, '0-7-1027309', 1),
(450, 7, '0-7-3404720', 1),
(451, 7, '0-7-7888839', 1),
(452, 7, '0-7-2647088', 1),
(453, 7, '0-7-6278610', 1),
(454, 7, '0-7-6334939', 1),
(455, 7, '0-7-3679148', 1),
(456, 7, '0-7-1998175', 1),
(457, 7, '0-7-501700', 1),
(458, 7, '0-7-8954200', 1),
(459, 7, '0-7-7689885', 1),
(460, 7, '0-7-8591017', 1),
(461, 7, '0-7-9197337', 1),
(462, 7, '0-7-553845', 1),
(463, 7, '0-7-9369979', 1),
(464, 7, '0-7-2655038', 1),
(465, 7, '0-7-8352512', 1),
(466, 7, '0-7-4864706', 1),
(467, 7, '0-7-6677091', 1),
(468, 7, '0-7-2212229', 1),
(469, 7, '0-7-4946070', 1),
(470, 7, '0-7-9747834', 1),
(471, 7, '0-7-9969684', 1),
(472, 7, '0-7-9818758', 1),
(473, 7, '0-7-8182179', 1),
(474, 7, '0-7-7261734', 1),
(475, 7, '0-7-8205135', 1),
(476, 7, '0-7-1736262', 1),
(477, 7, '0-7-4127179', 1),
(478, 7, '0-7-3451470', 1),
(479, 7, '0-7-7972131', 1),
(480, 7, '0-7-6668535', 1),
(481, 7, '0-7-5187710', 1),
(482, 7, '0-7-4626525', 1),
(483, 7, '0-7-3563108', 1),
(484, 7, '0-7-4280732', 1),
(485, 7, '0-7-4881024', 1),
(486, 7, '0-7-8174383', 1),
(487, 7, '0-7-1044538', 1),
(488, 7, '0-7-5666345', 1),
(489, 7, '0-7-4636285', 1),
(490, 7, '0-7-9264987', 1),
(491, 7, '0-7-2087996', 1),
(492, 7, '0-7-8953117', 1),
(493, 7, '0-7-2876667', 1),
(494, 7, '0-7-4372072', 1),
(495, 7, '0-7-9396818', 1),
(496, 7, '0-7-3339950', 1),
(497, 7, '0-7-4883635', 1),
(498, 7, '0-7-8152364', 1),
(499, 7, '0-7-1743144', 1),
(500, 7, '0-7-7477406', 1),
(501, 7, '0-7-7880140', 1),
(502, 7, '0-7-977898', 1),
(503, 7, '0-7-5145243', 1),
(504, 7, '0-7-883617', 1),
(505, 7, '0-7-8810401', 1),
(506, 7, '0-7-3912154', 1),
(507, 7, '0-7-6031186', 1),
(508, 7, '0-7-7530941', 1),
(509, 7, '0-7-3773185', 1),
(510, 7, '0-7-8199615', 1),
(511, 7, '0-7-7334215', 1),
(512, 7, '0-7-8772820', 1),
(513, 7, '0-7-8005037', 1),
(514, 7, '0-7-3041693', 1),
(515, 7, '0-7-741492', 1),
(516, 7, '0-7-4334748', 1),
(517, 7, '0-7-3582176', 1),
(518, 7, '0-7-9024384', 1),
(519, 7, '0-7-8528931', 1),
(520, 7, '0-7-956224', 1),
(521, 7, '0-7-8765053', 1),
(522, 7, '0-7-8316449', 1),
(523, 7, '0-7-274874', 1),
(524, 7, '0-7-4006771', 1),
(525, 7, '0-7-9658703', 1),
(526, 7, '0-7-4007602', 1),
(527, 7, '0-7-7167712', 1),
(528, 7, '0-7-473206', 1),
(529, 7, '0-7-9112053', 1),
(530, 7, '0-7-874902', 1),
(531, 7, '0-7-6508077', 1),
(532, 7, '0-7-6726465', 1),
(533, 7, '0-7-3782459', 1),
(534, 7, '0-7-6102628', 1),
(535, 7, '0-7-8414066', 1),
(536, 7, '0-7-2401272', 1),
(537, 7, '0-7-7449311', 1),
(538, 7, '0-7-4020857', 1),
(539, 7, '0-7-4389106', 1),
(540, 7, '0-7-5888239', 1),
(541, 7, '0-7-6154278', 1),
(542, 7, '0-7-3683216', 1),
(543, 7, '0-7-7472967', 1),
(544, 7, '0-7-4385641', 1),
(545, 7, '0-7-9755523', 1),
(546, 7, '0-7-3076826', 1),
(547, 7, '0-7-6785239', 1),
(548, 7, '0-7-1450452', 1),
(549, 7, '0-7-3980880', 1),
(550, 7, '0-7-693121', 1),
(551, 7, '0-7-4520311', 1),
(552, 7, '0-7-2150140', 1),
(553, 7, '0-7-6257164', 1),
(554, 7, '0-7-6323166', 1),
(555, 7, '0-7-2096884', 1),
(556, 7, '0-7-9106009', 1),
(557, 7, '0-7-9037508', 1),
(558, 7, '0-7-7526891', 1),
(559, 7, '0-7-1301481', 1),
(560, 7, '0-7-7436666', 1),
(561, 7, '0-7-1260650', 1),
(562, 7, '0-7-2271467', 1),
(563, 7, '0-7-9015740', 1),
(564, 7, '0-7-9135016', 1),
(565, 7, '0-7-3360737', 1),
(566, 7, '0-7-2803840', 1),
(567, 7, '0-7-1621453', 1),
(568, 7, '0-7-8049117', 1),
(569, 7, '0-7-1355115', 1),
(570, 7, '0-7-9493800', 1),
(571, 7, '0-7-2680631', 1),
(572, 7, '0-7-7388573', 1),
(573, 7, '0-7-2388992', 1),
(574, 7, '0-7-5123971', 1),
(575, 7, '0-7-5731592', 1),
(576, 7, '0-7-1026302', 1),
(577, 7, '0-7-7822863', 1),
(578, 7, '0-7-3487976', 1),
(579, 7, '0-7-9735203', 1),
(580, 7, '0-7-2118144', 1),
(581, 7, '0-7-8192314', 1),
(582, 7, '0-7-1389174', 1),
(583, 7, '0-7-901644', 1),
(584, 7, '0-7-2681056', 1),
(585, 7, '0-7-1436384', 1),
(586, 7, '0-7-8172097', 1),
(587, 7, '0-7-1169108', 1),
(588, 7, '0-7-319954', 1),
(589, 7, '0-7-6739994', 1),
(590, 7, '0-7-6650769', 1),
(591, 7, '0-7-6649118', 1),
(592, 7, '0-7-7234417', 1),
(593, 7, '0-7-4891787', 1),
(594, 7, '0-7-8775181', 1),
(595, 7, '0-7-4518875', 1),
(596, 7, '0-7-9218062', 1),
(597, 7, '0-7-4644157', 1),
(598, 7, '0-7-3598344', 1),
(599, 8, '0-8-8384957', 1),
(600, 8, '0-8-776804', 1),
(601, 8, '0-8-1976695', 1),
(602, 8, '0-8-7223729', 1),
(603, 8, '0-8-3355543', 1),
(604, 8, '0-8-9629478', 1),
(605, 8, '0-8-867170', 1),
(606, 8, '0-8-5184659', 1),
(607, 8, '0-8-6820530', 1),
(608, 8, '0-8-6784695', 1),
(609, 8, '0-8-6669860', 1),
(610, 8, '0-8-2004009', 1),
(611, 8, '0-8-6880949', 1),
(612, 8, '0-8-9067804', 1),
(613, 8, '0-8-4480547', 1),
(614, 8, '0-8-2154910', 1),
(615, 8, '0-8-3287071', 1),
(616, 8, '0-8-5040057', 1),
(617, 8, '0-8-5609887', 1),
(618, 8, '0-8-9967429', 1),
(619, 8, '0-8-5034037', 1),
(620, 8, '0-8-4098310', 1),
(621, 8, '0-8-396559', 1),
(622, 8, '0-8-6197245', 1),
(623, 8, '0-8-1215180', 1),
(624, 8, '0-8-9174015', 1),
(625, 8, '0-8-9132384', 1),
(626, 8, '0-8-2748526', 1),
(627, 8, '0-8-308168', 1),
(628, 8, '0-8-7495604', 1),
(629, 8, '0-8-4168606', 1),
(630, 8, '0-8-7091576', 1),
(631, 8, '0-8-1243471', 1),
(632, 8, '0-8-4251123', 1),
(633, 8, '0-8-8176543', 1),
(634, 8, '0-8-9650998', 1),
(635, 8, '0-8-6910744', 1),
(636, 8, '0-8-7921913', 1),
(637, 8, '0-8-6160470', 1),
(638, 8, '0-8-4087341', 1),
(639, 8, '0-8-6976105', 1),
(640, 8, '0-8-2068709', 1),
(641, 8, '0-8-3544627', 1),
(642, 8, '0-8-6991490', 1),
(643, 8, '0-8-9901529', 1),
(644, 8, '0-8-6223929', 1),
(645, 8, '0-8-3489813', 1),
(646, 8, '0-8-3423440', 1),
(647, 8, '0-8-8401625', 1),
(648, 8, '0-8-7445756', 1),
(649, 8, '0-8-4320872', 1),
(650, 8, '0-8-806220', 1),
(651, 8, '0-8-2344331', 1),
(652, 8, '0-8-9046237', 1),
(653, 8, '0-8-2716026', 1),
(654, 8, '0-8-3512812', 1),
(655, 8, '0-8-437162', 1),
(656, 8, '0-8-3451507', 1),
(657, 8, '0-8-575769', 1),
(658, 8, '0-8-3974100', 1),
(659, 8, '0-8-2238183', 1),
(660, 8, '0-8-304437', 1),
(661, 8, '0-8-5115683', 1),
(662, 8, '0-8-590344', 1),
(663, 8, '0-8-4543253', 1),
(664, 8, '0-8-8498002', 1),
(665, 8, '0-8-5683163', 1),
(666, 8, '0-8-5306772', 1),
(667, 8, '0-8-6016894', 1),
(668, 8, '0-8-9818332', 1),
(669, 8, '0-8-7971456', 1),
(670, 8, '0-8-9031232', 1),
(671, 8, '0-8-9151962', 1),
(672, 8, '0-8-7595724', 1),
(673, 8, '0-8-9063579', 1),
(674, 8, '0-8-6140311', 1),
(675, 8, '0-8-3514871', 1),
(676, 8, '0-8-9267561', 1),
(677, 8, '0-8-9068628', 1),
(678, 8, '0-8-3287652', 1),
(679, 8, '0-8-7367588', 1),
(680, 8, '0-8-9976130', 1),
(681, 8, '0-8-8483251', 0),
(682, 8, '0-8-7347208', 1),
(683, 8, '0-8-6262310', 1),
(684, 8, '0-8-9280375', 1),
(685, 8, '0-8-7580160', 1),
(686, 8, '0-8-350162', 1),
(687, 8, '0-8-5664372', 1),
(688, 8, '0-8-5387893', 1),
(689, 8, '0-8-9383033', 1),
(690, 8, '0-8-7992421', 1),
(691, 8, '0-8-5740061', 1),
(692, 8, '0-8-8737415', 1),
(693, 8, '0-8-3303566', 1),
(694, 8, '0-8-6805425', 1),
(695, 8, '0-8-8104031', 1),
(696, 8, '0-8-6255207', 1),
(697, 8, '0-8-9218531', 1),
(698, 11, '0-11-8761380', 1),
(699, 11, '0-11-8621725', 1),
(700, 11, '0-11-1105943', 1),
(701, 11, '0-11-1723845', 1),
(702, 11, '0-11-3885761', 1),
(703, 11, '0-11-6469473', 1),
(704, 11, '0-11-3281962', 1),
(705, 11, '0-11-621359', 1),
(706, 11, '0-11-3013408', 1),
(707, 11, '0-11-9397515', 1),
(708, 11, '0-11-3997056', 1),
(709, 11, '0-11-4157728', 1),
(710, 11, '0-11-6353580', 1),
(711, 11, '0-11-6811137', 1),
(712, 11, '0-11-958133', 1),
(713, 11, '0-11-552362', 1),
(714, 11, '0-11-6247178', 1),
(715, 11, '0-11-7906326', 1),
(716, 11, '0-11-1375705', 1),
(717, 11, '0-11-3743162', 1),
(718, 11, '0-11-430827', 1),
(719, 11, '0-11-7718054', 1),
(720, 11, '0-11-420021', 1),
(721, 11, '0-11-1033482', 1),
(722, 11, '0-11-6351753', 1),
(723, 11, '0-11-5958077', 1),
(724, 11, '0-11-6304585', 1),
(725, 11, '0-11-973869', 1),
(726, 11, '0-11-4936182', 1),
(727, 11, '0-11-7934529', 1),
(728, 11, '0-11-7381875', 1),
(729, 11, '0-11-4112249', 1),
(730, 11, '0-11-3191330', 1),
(731, 11, '0-11-2574275', 1),
(732, 11, '0-11-3135969', 1),
(733, 11, '0-11-8122048', 1),
(734, 11, '0-11-8153697', 1),
(735, 11, '0-11-5413584', 1),
(736, 11, '0-11-6233615', 1),
(737, 11, '0-11-2862998', 1),
(738, 11, '0-11-1876302', 1),
(739, 11, '0-11-6585981', 1),
(740, 11, '0-11-1834419', 1),
(741, 11, '0-11-2785652', 1),
(742, 11, '0-11-1569197', 1),
(743, 11, '0-11-6007247', 1),
(744, 11, '0-11-7117208', 1),
(745, 11, '0-11-4427843', 1),
(746, 11, '0-11-8016087', 1),
(747, 11, '0-11-5349416', 1),
(748, 11, '0-11-2053009', 1),
(749, 11, '0-11-1343957', 1),
(750, 11, '0-11-1971084', 1),
(751, 11, '0-11-4055513', 1),
(752, 11, '0-11-5124038', 1),
(753, 11, '0-11-4065704', 1),
(754, 11, '0-11-7602377', 1),
(755, 11, '0-11-1367068', 1),
(756, 11, '0-11-5250776', 1),
(757, 11, '0-11-7356529', 1),
(758, 11, '0-11-8519656', 1),
(759, 11, '0-11-532940', 1),
(760, 11, '0-11-2323085', 1),
(761, 11, '0-11-6444257', 1),
(762, 11, '0-11-7177140', 1),
(763, 11, '0-11-2802873', 1),
(764, 11, '0-11-7385438', 1),
(765, 11, '0-11-1298694', 1),
(766, 11, '0-11-8877515', 1),
(767, 11, '0-11-6869292', 1),
(768, 11, '0-11-598892', 1),
(769, 11, '0-11-9390612', 1),
(770, 11, '0-11-6351390', 1),
(771, 11, '0-11-3414880', 1),
(772, 11, '0-11-723521', 1),
(773, 11, '0-11-6086273', 1),
(774, 11, '0-11-9518885', 1),
(775, 11, '0-11-1891069', 1),
(776, 11, '0-11-6137553', 1),
(777, 11, '0-11-2416955', 1),
(778, 11, '0-11-191908', 1),
(779, 11, '0-11-411029', 1),
(780, 11, '0-11-2112715', 1),
(781, 11, '0-11-9304931', 1),
(782, 11, '0-11-4056226', 1),
(783, 11, '0-11-4965588', 1),
(784, 11, '0-11-2878142', 1),
(785, 11, '0-11-2296864', 1),
(786, 11, '0-11-6125816', 1),
(787, 11, '0-11-432410', 1),
(788, 11, '0-11-3907214', 1),
(789, 11, '0-11-662086', 1),
(790, 11, '0-11-4022363', 1),
(791, 11, '0-11-4494817', 1),
(792, 11, '0-11-9488461', 1),
(793, 11, '0-11-6968598', 1),
(794, 11, '0-11-9435459', 1),
(795, 11, '0-11-1604963', 1),
(796, 11, '0-11-9290469', 1),
(797, 13, '0-13-5889147', 0),
(798, 13, '0-13-2996259', 0),
(799, 13, '0-13-9118288', 0),
(800, 13, '0-13-5489018', 0),
(801, 13, '0-13-6100559', 0),
(802, 13, '0-13-9151158', 0),
(803, 13, '0-13-2888041', 0),
(804, 13, '0-13-7020885', 0),
(805, 13, '0-13-3094512', 1),
(806, 13, '0-13-377189', 1),
(807, 13, '0-13-5860991', 1),
(808, 13, '0-13-3658222', 1),
(809, 13, '0-13-1112653', 1),
(810, 13, '0-13-4365884', 1),
(811, 13, '0-13-7525107', 1),
(812, 13, '0-13-7035439', 1),
(813, 13, '0-13-4387489', 1),
(814, 13, '0-13-9796840', 1),
(815, 13, '0-13-9133969', 1),
(816, 13, '0-13-8629558', 1),
(817, 13, '0-13-6668948', 1),
(818, 13, '0-13-5024350', 1),
(819, 13, '0-13-6334527', 1),
(820, 13, '0-13-732326', 1),
(821, 13, '0-13-1177486', 1),
(822, 13, '0-13-9422379', 1),
(823, 13, '0-13-8274861', 1),
(824, 13, '0-13-7329691', 1),
(825, 13, '0-13-7123019', 1),
(826, 13, '0-13-9005313', 1),
(827, 13, '0-13-6546535', 1),
(828, 13, '0-13-3012167', 1),
(829, 13, '0-13-2001572', 1),
(830, 13, '0-13-5664824', 1),
(831, 13, '0-13-8401186', 1),
(832, 13, '0-13-8002132', 1),
(833, 13, '0-13-4815982', 1),
(834, 13, '0-13-1289228', 1),
(835, 13, '0-13-5023018', 1),
(836, 13, '0-13-7810495', 1),
(837, 13, '0-13-1566419', 1),
(838, 13, '0-13-884010', 1),
(839, 13, '0-13-1468718', 1),
(840, 13, '0-13-2579073', 1),
(841, 13, '0-13-5149895', 1),
(842, 13, '0-13-8893826', 1),
(843, 13, '0-13-9514514', 1),
(844, 13, '0-13-9437386', 1),
(845, 13, '0-13-8690667', 1),
(846, 13, '0-13-8648484', 1),
(847, 13, '0-13-8066944', 1),
(848, 13, '0-13-5359615', 1),
(849, 13, '0-13-3672835', 1),
(850, 13, '0-13-4401472', 1),
(851, 13, '0-13-5991942', 1),
(852, 13, '0-13-4750323', 1),
(853, 13, '0-13-3823851', 1),
(854, 13, '0-13-4266804', 1),
(855, 13, '0-13-2080014', 1),
(856, 13, '0-13-946871', 1),
(857, 13, '0-13-3272117', 1),
(858, 13, '0-13-8526550', 1),
(859, 13, '0-13-3859039', 1),
(860, 13, '0-13-5173691', 1),
(861, 13, '0-13-4191374', 1),
(862, 13, '0-13-2260225', 1),
(863, 13, '0-13-3175824', 1),
(864, 13, '0-13-8907358', 1),
(865, 13, '0-13-3449454', 1),
(866, 13, '0-13-8098843', 1),
(867, 13, '0-13-6717854', 1),
(868, 13, '0-13-4915874', 1),
(869, 13, '0-13-8882854', 1),
(870, 13, '0-13-8086574', 1),
(871, 13, '0-13-7394949', 1),
(872, 13, '0-13-4032749', 1),
(873, 13, '0-13-6980401', 1),
(874, 13, '0-13-6909464', 1),
(875, 13, '0-13-3470135', 1),
(876, 13, '0-13-5671068', 0),
(877, 13, '0-13-5557948', 1),
(878, 13, '0-13-1537080', 1),
(879, 13, '0-13-1030683', 1),
(880, 13, '0-13-9130784', 1),
(881, 13, '0-13-5838553', 1),
(882, 13, '0-13-6922626', 1),
(883, 13, '0-13-3881107', 1),
(884, 13, '0-13-9562406', 1),
(885, 13, '0-13-1189431', 1),
(886, 13, '0-13-5861123', 1),
(887, 13, '0-13-509277', 1),
(888, 13, '0-13-4361549', 1),
(889, 13, '0-13-4387673', 1),
(890, 13, '0-13-4268317', 1),
(891, 13, '0-13-9435242', 1),
(892, 13, '0-13-8479049', 1),
(893, 13, '0-13-6428543', 1),
(894, 13, '0-13-2611066', 1),
(895, 13, '0-13-7386408', 1);

-- --------------------------------------------------------

--
-- Table structure for table `tbldes`
--

CREATE TABLE `tbldes` (
  `id` int(11) NOT NULL,
  `id_hotel` int(11) NOT NULL,
  `id_khadamat` int(11) NOT NULL,
  `logo` varchar(300) COLLATE utf8_persian_ci NOT NULL,
  `title` varchar(300) COLLATE utf8_persian_ci NOT NULL,
  `text` text COLLATE utf8_persian_ci NOT NULL
) ENGINE=InnoDB DEFAULT CHARSET=utf8 COLLATE=utf8_persian_ci;

--
-- Dumping data for table `tbldes`
--

INSERT INTO `tbldes` (`id`, `id_hotel`, `id_khadamat`, `logo`, `title`, `text`) VALUES
(4, 13, 14, 'images9848.jpg', ' Aساختمان', '09356563590'),
(5, 13, 14, 'images9848.jpg', 'Bساختمان', '09157094219'),
(6, 13, 13, 'images9848.jpg', 'تماس', 'داخلی 95'),
(7, 13, 11, 'images9848.jpg', 'تماس', 'داخلی 95'),
(8, 13, 10, 'images9848.jpg', 'تماس', '09302679110- داخلی 94'),
(9, 13, 12, 'images9848.jpg', 'Aساختمان', 'داخلی 300'),
(10, 13, 12, 'images9848.jpg', 'Bساختمان', 'داخلی 100');

-- --------------------------------------------------------

--
-- Table structure for table `tblgallery`
--

CREATE TABLE `tblgallery` (
  `id` int(11) NOT NULL,
  `img` varchar(300) COLLATE utf8_persian_ci NOT NULL,
  `alt` varchar(300) COLLATE utf8_persian_ci NOT NULL,
  `description` varchar(300) COLLATE utf8_persian_ci NOT NULL,
  `id_hotel` int(11) NOT NULL
) ENGINE=InnoDB DEFAULT CHARSET=utf8 COLLATE=utf8_persian_ci;

--
-- Dumping data for table `tblgallery`
--

INSERT INTO `tblgallery` (`id`, `img`, `alt`, `description`, `id_hotel`) VALUES
(1, '1.jpeg', 'd', 'dfs', 3),
(2, '7.jpg', 'gfh', 'ggh', 3),
(5, 'send.png', 'رستوران لاله', 'رستوران لاله در هتل ارام کیش', 11),
(6, '767.jpg', 'گامبرون', '.', 13),
(7, '6767.jpg', 'گامبرون', '.', 13),
(8, '999.jpg', 'گامبرون', '.', 13);

-- --------------------------------------------------------

--
-- Table structure for table `tbljastlink`
--

CREATE TABLE `tbljastlink` (
  `id` int(11) NOT NULL,
  `title` varchar(300) COLLATE utf8_persian_ci NOT NULL,
  `link` varchar(300) COLLATE utf8_persian_ci NOT NULL
) ENGINE=InnoDB DEFAULT CHARSET=utf8 COLLATE=utf8_persian_ci;

-- --------------------------------------------------------

--
-- Table structure for table `tblkhadamat`
--

CREATE TABLE `tblkhadamat` (
  `id` int(11) NOT NULL,
  `id_hotel` int(11) NOT NULL,
  `category` varchar(300) COLLATE utf8_persian_ci NOT NULL,
  `name` varchar(300) COLLATE utf8_persian_ci NOT NULL,
  `phone` varchar(300) COLLATE utf8_persian_ci NOT NULL,
  `khadamat` text COLLATE utf8_persian_ci,
  `location` varchar(300) COLLATE utf8_persian_ci NOT NULL,
  `roles` text COLLATE utf8_persian_ci,
  `img` varchar(300) COLLATE utf8_persian_ci NOT NULL,
  `img_menu` varchar(300) COLLATE utf8_persian_ci DEFAULT NULL,
  `mobile` int(11) DEFAULT NULL,
  `sms_notification` int(11) DEFAULT NULL
) ENGINE=InnoDB DEFAULT CHARSET=utf8 COLLATE=utf8_persian_ci;

--
-- Dumping data for table `tblkhadamat`
--

INSERT INTO `tblkhadamat` (`id`, `id_hotel`, `category`, `name`, `phone`, `khadamat`, `location`, `roles`, `img`, `img_menu`, `mobile`, `sms_notification`) VALUES
(1, 3, 'restuarant', 'tre', '43543', 'rtet', 'tre', 'terte', '1_BD_440x200_Gift_April18._CB502503690_.jpg', '1_BD_440x200_Gift_April18._CB502503690_.jpg#*', 4353, 1),
(4, 3, 'parking', 'da', 'da', 'da', 'da', 'faf', '2_.jpg', '2.jpg#*2_.jpg#*2_DB_440x200_Women_Accessories_April18._CB502513614_.jpg#*', NULL, 1),
(5, 7, '2', 'tre', '43543', 'gfd', 'tre', 'fgd', 'car.png', 'hotel-256.png#*hotel-clipart-transparent-6.png#*', 4353, 1),
(6, 8, '3', 'sdada', '43543', 'dsad', 'hjg', 'hjghj', 'car.png', 'flag-en.png#*', NULL, 1),
(7, 11, '5', 'رستوران لاله', '1313-132-313', 'صبحانه - شام -ناهار -عصرانه', 'شرق هتل', '', 'pay.png', 'pay.png#*pinterest.png#*send.png#*takhfif.png#*', 2147483647, 1),
(8, 13, '6', 'bفازکافی شاپ ', 'داخلی 85', 'تمامی خدمات مربوط به کافی شاپ ارائه میگردد', 'واقع در سمت چپ ورودی فازBهتل گامبرون داخل لابی', '', '5465.jpg', '0.jpg#*', 2147483647, 1),
(9, 13, '7', 'حناکاری و بافت مو', '000000', 'حک کردن انواع نقش های حنا و انواع بافت مو', 'هتل گامبرون', '', '87878.jpg', '876878.jpg#*', 2147483647, 1),
(10, 13, '8', 'رستوران', '09302679110', '', 'Aفاز', '', '88789.jpg', '88789.jpg#*', 0, 0),
(11, 13, '13', 'لاندری', 'داخلی 95', 'شستوشوی لباس های چرک ', 'هتل گامبرون', '', 'nice-day-laundry787989.jpg', '', 0, 0),
(12, 13, '15', 'پذیرش', 'داخلی 100-داخلی 300', 'پذیرش مسافران عزیز', 'وردی هتل', '', 'Writing-Articles-for-Article-Marketing-thumb2.png', '', NULL, 0),
(13, 13, '17', 'خانه داری', 'داخلی 95', 'نظافت کردن اتاق های هتل ', 'هتل گامبرون', '', 'logo.jpg', '', NULL, 0),
(14, 13, '10', 'عکاسی', '09356563590-09157094216', 'ثبت لحظات زیبای شما ', 'هتل گامبرون', '', 'images.png', '', NULL, 0);

-- --------------------------------------------------------

--
-- Table structure for table `tbllink`
--

CREATE TABLE `tbllink` (
  `id` int(11) NOT NULL,
  `img` varchar(300) COLLATE utf8_persian_ci NOT NULL,
  `link` varchar(300) COLLATE utf8_persian_ci NOT NULL,
  `title` varchar(300) COLLATE utf8_persian_ci NOT NULL,
  `description` text COLLATE utf8_persian_ci NOT NULL,
  `alt` varchar(300) COLLATE utf8_persian_ci NOT NULL,
  `id_hotel` int(11) DEFAULT NULL,
  `status` varchar(300) COLLATE utf8_persian_ci DEFAULT NULL
) ENGINE=InnoDB DEFAULT CHARSET=utf8 COLLATE=utf8_persian_ci;

--
-- Dumping data for table `tbllink`
--

INSERT INTO `tbllink` (`id`, `img`, `link`, `title`, `description`, `alt`, `id_hotel`, `status`) VALUES
(3, '1.jpeg', 'dsf', 'fsd', 'sdf', 'fsd', 4, 'index'),
(4, '1.jpeg', 'dsf', 'fsd', 'ds', 'fsd', 4, 'index'),
(6, 'download.png', 'dsf', 'fsd', 'رطذ', 'ر', 7, 'index'),
(7, 'hotel2.jpg', 'http://hotelsee.ir', 'بیلط های چارتری', 'یبش', 'بیلط های چارتری', 11, NULL),
(10, 'almamzar-beach-main.jpg', 'http://hotelsee.ir', 'کیش جزیره رویایی', '.', '.', 0, 'index'),
(11, 'PARK-MARJAN-KISH-1024x677.jpg', 'http://hotelsee.ir', 'ساحل مرجان کیش', '.', '.', 0, 'index'),
(12, '13930916100011651_PhotoL.jpg', 'http://hotelsee.ir', 'کشتی یونانی', '.', '.', 0, 'index'),
(13, '6567.jpg', 'http://hotelsee.ir', 'کیش', '.', '.', 0, 'index'),
(14, '11111111.jpg', 'http://hotelsee.ir', 'هتل گامبرون', '.', '.', 0, 'hotel');

-- --------------------------------------------------------

--
-- Table structure for table `tblmessage`
--

CREATE TABLE `tblmessage` (
  `id` int(11) NOT NULL,
  `id_hotel` int(11) DEFAULT NULL,
  `id_user` int(11) NOT NULL,
  `text` text COLLATE utf8_persian_ci NOT NULL,
  `visit` int(11) NOT NULL DEFAULT '0'
) ENGINE=InnoDB DEFAULT CHARSET=utf8 COLLATE=utf8_persian_ci;

--
-- Dumping data for table `tblmessage`
--

INSERT INTO `tblmessage` (`id`, `id_hotel`, `id_user`, `text`, `visit`) VALUES
(1, 0, 33, 'fs', 0),
(2, 0, 33, 'cxdsfsds', 0),
(3, 0, 33, 'sdffsfsf', 0),
(4, 0, 33, 'jkhhhhhhhhhhhhhhh', 0),
(5, 0, 33, 'ads', 0),
(6, 0, 33, 'dfsd', 0),
(7, 0, 33, 'zxzxc', 0),
(9, 7, 33, 'dwde', 1),
(10, 7, 33, 'fef', 1),
(11, 0, 32, 'dsada', 0),
(12, 0, 32, 'ااا', 0),
(13, 7, 32, 'Sacccvb', 1),
(14, 13, 43, 'شیب', 1),
(15, 13, 43, 'salam', 1),
(16, 13, 43, 'ghghfg', 1),
(17, 0, 46, 'سلام', 0),
(18, 0, 43, 'خ عالیشوندی دست مریزاد', 0),
(19, 0, 43, 'غغعغهعهعخهخ', 0),
(20, 0, 43, 'منئمندنمدخدختد', 0),
(21, 13, 43, 'هاهعاهعاهعاه\r\n', 1),
(22, 13, 47, 'Hvgggb', 1),
(23, 13, 43, 'Salam payam miad', 1),
(24, 0, 43, 'In az ghesmat barname ersal miahe', 0),
(25, 13, 47, 'Dsdccv', 1);

-- --------------------------------------------------------

--
-- Table structure for table `tblpost`
--

CREATE TABLE `tblpost` (
  `id` int(11) NOT NULL,
  `title` varchar(300) COLLATE utf8_persian_ci NOT NULL,
  `descriptipn` varchar(300) COLLATE utf8_persian_ci NOT NULL,
  `meta` varchar(300) COLLATE utf8_persian_ci NOT NULL,
  `keyword` varchar(300) COLLATE utf8_persian_ci NOT NULL,
  `text` text COLLATE utf8_persian_ci NOT NULL,
  `id_cat` int(11) NOT NULL,
  `enable` int(11) DEFAULT '1'
) ENGINE=InnoDB DEFAULT CHARSET=utf8 COLLATE=utf8_persian_ci;

--
-- Dumping data for table `tblpost`
--

INSERT INTO `tblpost` (`id`, `title`, `descriptipn`, `meta`, `keyword`, `text`, `id_cat`, `enable`) VALUES
(2, 'تماس با ما', 'تماس با ما', 'تماس با ما', 'تماس با ما', '<p>تماس با ما</p>', 0, 1),
(3, 'قوانین', 'قوانین', 'قوانین', 'قوانین', 'قوانین', 0, 1),
(4, 'درباره ما', 'درباره ما', 'درباره ما', 'درباره ما', 'درباره ما', 0, 1),
(6, 'gdf', 'dfgd', 'gfdf', 'gdfgd', '<p>توضیحاتی در مورد بلیط های چارتری</p>\r\n\r\n\r\n<a>https://www.google.com/</a>', 9, 1),
(7, 'fds', 'ds', 'dfs', 'sd', 'dfs\r\n\r\n\r\nhttp://localhost/backend/web/post/create', 3, 1);

-- --------------------------------------------------------

--
-- Table structure for table `tblprofile`
--

CREATE TABLE `tblprofile` (
  `id` int(11) NOT NULL,
  `id_user` int(11) NOT NULL,
  `id_hotel` int(11) DEFAULT '-1',
  `name` varchar(300) COLLATE utf8_persian_ci NOT NULL,
  `lastname` varchar(300) COLLATE utf8_persian_ci NOT NULL,
  `mobile` varchar(300) COLLATE utf8_persian_ci NOT NULL,
  `rome_number` varchar(300) COLLATE utf8_persian_ci DEFAULT 'void',
  `count_peapel` int(11) DEFAULT '1',
  `img` varchar(300) COLLATE utf8_persian_ci DEFAULT 'void',
  `date_enter` date DEFAULT NULL,
  `date_exit` date DEFAULT NULL,
  `cod_manager` varchar(300) COLLATE utf8_persian_ci DEFAULT '0',
  `role` varchar(300) COLLATE utf8_persian_ci NOT NULL,
  `date_enter_id` varchar(300) COLLATE utf8_persian_ci DEFAULT 'void',
  `date_exit_ir` varchar(300) COLLATE utf8_persian_ci DEFAULT 'void',
  `username` varchar(300) COLLATE utf8_persian_ci NOT NULL
) ENGINE=InnoDB DEFAULT CHARSET=utf8 COLLATE=utf8_persian_ci;

--
-- Dumping data for table `tblprofile`
--

INSERT INTO `tblprofile` (`id`, `id_user`, `id_hotel`, `name`, `lastname`, `mobile`, `rome_number`, `count_peapel`, `img`, `date_enter`, `date_exit`, `cod_manager`, `role`, `date_enter_id`, `date_exit_ir`, `username`) VALUES
(11, 31, 7, 'هاله', 'شیخان', '2222323', 'void', 1, 'hoteles.png', NULL, NULL, '1-7-25089', 'manager', 'void', 'void', 'hale24'),
(12, 32, 7, 'هاله', 'شیخان', '2222323', '2', 1, 'logo2.png', '2018-07-11', '2018-07-21', '0-7-2859244', 'user', '12/04/1397', '30/04/1397', 'hale25'),
(13, 33, 7, 'هاله', 'شیخان', '2222323', 'void', 1, 'flag-ir.jpg', NULL, NULL, '1-7-25089', 'manager', 'void', 'void', 'haleh24'),
(14, 37, 8, 'هاله', 'شیخان', '2222323', '2', 1, 'void', '2018-07-15', '2018-07-21', '0-8-8483251', 'user', '24/04/1397', '30/04/1397', 'hale28'),
(15, 36, 8, 'Hhh', 'Hggg', '4557', '7', 1, 'a5008801441b444109b7ede906b67d9f--iphone-backgrounds-jazz.jpg', '2018-07-14', '2018-07-21', '0-8-1460874', 'user', '23/04/1397', '30/04/1397', 'noetcom'),
(16, 41, 11, 'هاله', 'شیخان', '2222323', 'void', 1, 'void', NULL, NULL, '1-11-24760', 'manager', 'void', 'void', 'hale30'),
(17, 42, 13, 'beni', 'alidh', '09170509996', '100', 2, 'image.jpg', '0648-09-25', '0649-09-26', '0-13-5889147', 'user', '97/4/27', '97/4/28', 'alish'),
(18, 42, 13, 'beni', 'alish', '09170509996', '100', 1, 'void', '0648-09-25', '0649-09-26', '0-13-9118288', 'user', '97/4/27', '97/4/28', 'alish'),
(19, 44, 13, 'x', 'sistsni', '09134596030', 'void', 1, 'image.jpg', NULL, NULL, '1-13-1657', 'manager', 'void', 'void', 'gamberon'),
(20, 43, 13, 'هاله', 'شیخان', '2222323', '2', 1, 'void', '2018-07-18', '2018-07-19', '0-13-2996259', 'user', '27/04/1397', '28/04/1397', 'beni123'),
(21, 43, 13, 'beni', 'alish', '09170509996', '102', 1, 'image.jpg', '2018-07-19', '2018-07-20', '0-13-5489018', 'user', '28/04/1397', '29/04/1397', 'beni123'),
(22, 45, 13, 'amir', 'nejati', '09191256935', '12', 1, 'void', '2018-07-18', '2018-07-22', '0-13-6100559', 'user', '27/04/1397', '31/04/1397', 'amir12'),
(23, 43, 13, 'Beni', 'Alish', '09170509996', '123', 1, 'F8F7F170-099B-4588-811F-945F82052E66.jpeg', '2018-07-18', '2018-07-21', '0-13-9151158', 'user', '27/04/1397', '30/04/1397', 'beni123'),
(24, 43, 13, 'Beni', 'Alish', '09170509996', '123', 1, 'void', '2018-07-18', '2018-07-21', '0-13-2888041', 'user', '27/04/1397', '30/04/1397', 'beni123'),
(25, 47, 13, 'Mona', 'Alish', '09170509996', '123', 1, 'void', '2018-07-20', '2018-07-22', '0-13-7020885', 'user', '29/04/1397', '31/04/1397', 'Mona'),
(26, 49, 13, 'هاله', 'شیخان', '2222323', '2', 1, 'void', '2018-07-21', '2018-07-25', '0-13-5671068', 'user', '30/04/1397', '03/05/1397', 'hale34'),
(27, 50, 13, 'gamberon1', 'g', '09170509996', 'void', 1, 'image.jpg', NULL, NULL, '1-13-1657', 'manager', 'void', 'void', 'gamberon1');

-- --------------------------------------------------------

--
-- Table structure for table `tblsans`
--

CREATE TABLE `tblsans` (
  `id` int(11) NOT NULL,
  `id_khadamat` int(11) NOT NULL,
  `day_of_weeken` varchar(300) COLLATE utf8_persian_ci NOT NULL,
  `time` varchar(300) COLLATE utf8_persian_ci NOT NULL,
  `women_men` varchar(300) COLLATE utf8_persian_ci NOT NULL,
  `descrition` varchar(300) COLLATE utf8_persian_ci NOT NULL,
  `id_hotel` int(11) NOT NULL
) ENGINE=InnoDB DEFAULT CHARSET=utf8 COLLATE=utf8_persian_ci;

--
-- Dumping data for table `tblsans`
--

INSERT INTO `tblsans` (`id`, `id_khadamat`, `day_of_weeken`, `time`, `women_men`, `descrition`, `id_hotel`) VALUES
(1, 4, 'Saturday', '234', 'women', 'سبیس', 3),
(2, 5, 'Saturday', '234', 'both', 'سبیس', 7),
(3, 5, 'all', '234', 'women', 'سبیس', 7),
(4, 7, 'all', '9-12', 'بانوان/ آقایان', 'صبحانه', 11),
(5, 7, 'Sunday', '9-12', 'بانوان', 'شام', 11),
(6, 9, 'همه روزه', '18-9', 'بانوان', '.', 13),
(7, 13, 'همه روزه', '20-8', 'بانوان/ آقایان', 'نظافت اتاق های هتل', 13),
(8, 14, 'همه روزه', '17-8', 'بانوان/ آقایان', 'جهت عکس رایگان تماس حاصل فرمایید', 13),
(9, 10, 'همه روزه', '10-8', 'بانوان/ آقایان', 'صبحانه رایگان', 13),
(10, 10, 'همه روزه', '15:30-13', 'بانوان/ آقایان', 'نهار بصورت منوی روزانه ', 13);

-- --------------------------------------------------------

--
-- Table structure for table `user`
--

CREATE TABLE `user` (
  `id` int(11) NOT NULL,
  `username` varchar(255) COLLATE utf8_unicode_ci NOT NULL,
  `auth_key` varchar(32) COLLATE utf8_unicode_ci NOT NULL,
  `password_hash` varchar(255) COLLATE utf8_unicode_ci NOT NULL,
  `password_reset_token` varchar(255) COLLATE utf8_unicode_ci DEFAULT NULL,
  `email` varchar(255) COLLATE utf8_unicode_ci DEFAULT NULL,
  `status` smallint(6) NOT NULL DEFAULT '10',
  `created_at` int(11) NOT NULL,
  `updated_at` int(11) NOT NULL
) ENGINE=InnoDB DEFAULT CHARSET=utf8 COLLATE=utf8_unicode_ci;

--
-- Dumping data for table `user`
--

INSERT INTO `user` (`id`, `username`, `auth_key`, `password_hash`, `password_reset_token`, `email`, `status`, `created_at`, `updated_at`) VALUES
(30, 'hale23', 'YblluNEVvKi5beqIeECtDyzTZskpXPsa', '$2y$13$S9h7c3cMbmIfaHCtAujzO.3kjXBuRiW.hu5JyHpe9Gdul2TcK3cke', NULL, NULL, 10, 1531229156, 1531229156),
(31, 'hale24', 'ITQrJhNd4hVLZGAyugQhft_hXFU2oh8e', '$2y$13$wWCjncfdwi1FmDxED1W8LuoVLSdubqt50Bda9zK5/x0RZqH23FQiC', NULL, NULL, 10, 1531229246, 1531229246),
(32, 'hale25', 'eTi5OYc3GLM4OndlXARXGpmfBg7O3guR', '$2y$13$POyLL116UkgcFZ1GHRTHWelaZnc2yngEFwfVqm9iM2TYqcsHI7kee', NULL, NULL, 10, 1531229522, 1531229522),
(33, 'haleh24', '8rTed1C7O5uFr2MH69VnNYKoUFlXqMpv', '$2y$13$vaz4CLvgaK171uULsiT.qeAyNRa2cU9UzAig4QaHjImYa74IrcIaO', NULL, NULL, 10, 1531294496, 1531294496),
(34, 'hale26', 'wKmcK45EXvCMC1_zPHjTfyHNJFf91_TZ', '$2y$13$lJ3OxX7pqVx8wJ6uqLzDmuHzGWzVZhDw/md.n4iXj9LFVmvPRP1nK', NULL, NULL, 10, 1531572521, 1531572521),
(35, 'hale27', 'BnSbtOv-X06kULe9RfTR_B2sWPaGRoUq', '$2y$13$IZS2k91Q6K.CvZyO0J6qSut1h5BVUqorxmxY0hkZWKOZ5idTFv5ce', NULL, NULL, 10, 1531639106, 1531639106),
(36, 'noetcom', 'sD8da46tO_vdiROfji5v3jhoL6UPO0wj', '$2y$13$BO./Vu7uMRY.XhP/Ff1ZLuYi4k765DcLWadwFahKWOz3dlXZRWXIq', NULL, NULL, 10, 1531742256, 1531742256),
(37, 'hale28', 'QCwqNbYmPPKdY690-q1NnR_-i6I5bkPJ', '$2y$13$UKpRwwibMoZqs79RIib8HOXnw/16wdtmjGJn/Swb6wmprza6SBVZm', NULL, NULL, 10, 1531742536, 1531742536),
(38, 'Beni', 'UgsBbzfgN2WM2NOjwgPXg9la5Fa9x6ul', '$2y$13$RGmIczY9TdE.A0DPHYn0leuf5Rshiq1ypr6e500Rr3X0015qcWL8e', NULL, NULL, 10, 1531745763, 1531745763),
(39, 'hale29', 'w8k9PtGcHVUEprlJX1If0SPHrUZl6JTr', '$2y$13$YN1iMSDP.t0ZKJl.eGp2SutBU/Q/GJa9bsLFeMNpQaEsEleJDlZE.', NULL, NULL, 10, 1531745911, 1531745911),
(40, 'amir', 'f7OvSKdM2O9J5uOFxpdn0urWM7-6Ukrn', '$2y$13$nsCFTUMBZ2CyGC2ksDLM3OeK5/D2y6uQGzQRgjqlOlEvkVE6SKZgy', NULL, NULL, 10, 1531755900, 1531755900),
(41, 'hale30', 'tnBI3zChwuw1hHkQaIJYXEcLlCtYEe1v', '$2y$13$.A1pSBgwZKSgVvSrtbKMrOX1PV12C1Q6Ar0BHK6vTD3/VbGxLprRy', NULL, NULL, 10, 1531836113, 1531836113),
(42, 'alish', 'PBrrhSZao7re5bzUcA7heI1SmdiaLa5n', '$2y$13$WWVzKHqFcoQPQHCgv2AZsugWtFLe97f1K2UhV58fRZA5DseVoBdVm', NULL, NULL, 10, 1531895856, 1531895856),
(43, 'beni123', '1-dqDxwVh0YrOmDW2iAOx3EIcukXaCzL', '$2y$13$oTAHM1GbAeaai6WFpsUhw.n1FkCP77CsAyFgg8PRhSIPN9A6WNJ3y', NULL, NULL, 10, 1531896512, 1531896512),
(44, 'gamberon', 'gUTlwz85gGd_GX3a9q8LA2o3GtiMgzAF', '$2y$13$/IB9qlyxuReHFt4lR26nSuAP2HRfq6z3rXGahjuSV9eExtzuS5wVC', NULL, NULL, 10, 1531899286, 1531899286),
(45, 'amir12', 'K6gUTh_1stpwb4G7PBWsWhb64a2JSqfv', '$2y$13$gw31fQK1rOweX6z3DQHeL.I0hJ7BpYE6YPgFnhVbAvPDntPfm7gHq', NULL, NULL, 10, 1531994684, 1531994684),
(46, 'bahram333', '50oU3TqDUldNb0p2J_o4qGs0ugcxVFYj', '$2y$13$aG0LezILebU/T/I4.dnyFOUuT1/ndoh5OVeGKrbIi5MLV5nEKYyB6', NULL, NULL, 10, 1532076161, 1532076161),
(47, 'Mona', 'kFhORH4br6ek_RNCgPCd2mjA3LDV2Gg9', '$2y$13$I/9mJguTshrG5qKVv7l85edIvEW0jxWNToVb4kDEs7vaZjoK5lhyC', NULL, NULL, 10, 1532098454, 1532098454),
(48, 'hale33', '9nhf3jJAUbWB1JTObih_feHDRwi7erQG', '$2y$13$nd62tm0ghyo1RIJl0najWeHD28U/g1gikQOAM.X.45msw8dsnh.he', NULL, NULL, 10, 1532149448, 1532149448),
(49, 'hale34', 'Y3gRdKpwZV3RswZRPRnXLe5aHmRREvXj', '$2y$13$/qExyY/VgOgftMBvHZAT7uL80n.EHg5kA5K5HisZ9k4/hd5ty6buy', NULL, NULL, 10, 1532149463, 1532149463),
(50, 'gamberon1', '0wJ0MG-SU630UcvCrWRapyS13CnQCqvI', '$2y$13$IsOw95vhMeCQUom6wpwXAeQLprrUl4IslZShW8mkc5BWisfKy5AKW', NULL, NULL, 10, 1532151986, 1532151986);

--
-- Indexes for dumped tables
--

--
-- Indexes for table `auth_assignment`
--
ALTER TABLE `auth_assignment`
  ADD PRIMARY KEY (`item_name`,`user_id`),
  ADD KEY `auth_assignment_user_id_idx` (`user_id`);

--
-- Indexes for table `auth_item`
--
ALTER TABLE `auth_item`
  ADD PRIMARY KEY (`name`),
  ADD KEY `rule_name` (`rule_name`),
  ADD KEY `idx-auth_item-type` (`type`);

--
-- Indexes for table `auth_item_child`
--
ALTER TABLE `auth_item_child`
  ADD PRIMARY KEY (`parent`,`child`),
  ADD KEY `child` (`child`);

--
-- Indexes for table `auth_rule`
--
ALTER TABLE `auth_rule`
  ADD PRIMARY KEY (`name`);

--
-- Indexes for table `migration`
--
ALTER TABLE `migration`
  ADD PRIMARY KEY (`version`);

--
-- Indexes for table `tbhotel`
--
ALTER TABLE `tbhotel`
  ADD PRIMARY KEY (`id`);

--
-- Indexes for table `tblcathotel`
--
ALTER TABLE `tblcathotel`
  ADD PRIMARY KEY (`id`);

--
-- Indexes for table `tblcatpost`
--
ALTER TABLE `tblcatpost`
  ADD PRIMARY KEY (`id`);

--
-- Indexes for table `tblcod`
--
ALTER TABLE `tblcod`
  ADD PRIMARY KEY (`id`);

--
-- Indexes for table `tbldes`
--
ALTER TABLE `tbldes`
  ADD PRIMARY KEY (`id`);

--
-- Indexes for table `tblgallery`
--
ALTER TABLE `tblgallery`
  ADD PRIMARY KEY (`id`);

--
-- Indexes for table `tbljastlink`
--
ALTER TABLE `tbljastlink`
  ADD PRIMARY KEY (`id`);

--
-- Indexes for table `tblkhadamat`
--
ALTER TABLE `tblkhadamat`
  ADD PRIMARY KEY (`id`);

--
-- Indexes for table `tbllink`
--
ALTER TABLE `tbllink`
  ADD PRIMARY KEY (`id`);

--
-- Indexes for table `tblmessage`
--
ALTER TABLE `tblmessage`
  ADD PRIMARY KEY (`id`);

--
-- Indexes for table `tblpost`
--
ALTER TABLE `tblpost`
  ADD PRIMARY KEY (`id`);

--
-- Indexes for table `tblprofile`
--
ALTER TABLE `tblprofile`
  ADD PRIMARY KEY (`id`);

--
-- Indexes for table `tblsans`
--
ALTER TABLE `tblsans`
  ADD PRIMARY KEY (`id`);

--
-- Indexes for table `user`
--
ALTER TABLE `user`
  ADD PRIMARY KEY (`id`),
  ADD UNIQUE KEY `username` (`username`),
  ADD UNIQUE KEY `email` (`email`),
  ADD UNIQUE KEY `password_reset_token` (`password_reset_token`);

--
-- AUTO_INCREMENT for dumped tables
--

--
-- AUTO_INCREMENT for table `tbhotel`
--
ALTER TABLE `tbhotel`
  MODIFY `id` int(11) NOT NULL AUTO_INCREMENT, AUTO_INCREMENT=14;

--
-- AUTO_INCREMENT for table `tblcathotel`
--
ALTER TABLE `tblcathotel`
  MODIFY `id` int(11) NOT NULL AUTO_INCREMENT, AUTO_INCREMENT=19;

--
-- AUTO_INCREMENT for table `tblcatpost`
--
ALTER TABLE `tblcatpost`
  MODIFY `id` int(11) NOT NULL AUTO_INCREMENT, AUTO_INCREMENT=11;

--
-- AUTO_INCREMENT for table `tblcod`
--
ALTER TABLE `tblcod`
  MODIFY `id` int(11) NOT NULL AUTO_INCREMENT, AUTO_INCREMENT=896;

--
-- AUTO_INCREMENT for table `tbldes`
--
ALTER TABLE `tbldes`
  MODIFY `id` int(11) NOT NULL AUTO_INCREMENT, AUTO_INCREMENT=11;

--
-- AUTO_INCREMENT for table `tblgallery`
--
ALTER TABLE `tblgallery`
  MODIFY `id` int(11) NOT NULL AUTO_INCREMENT, AUTO_INCREMENT=9;

--
-- AUTO_INCREMENT for table `tbljastlink`
--
ALTER TABLE `tbljastlink`
  MODIFY `id` int(11) NOT NULL AUTO_INCREMENT;

--
-- AUTO_INCREMENT for table `tblkhadamat`
--
ALTER TABLE `tblkhadamat`
  MODIFY `id` int(11) NOT NULL AUTO_INCREMENT, AUTO_INCREMENT=15;

--
-- AUTO_INCREMENT for table `tbllink`
--
ALTER TABLE `tbllink`
  MODIFY `id` int(11) NOT NULL AUTO_INCREMENT, AUTO_INCREMENT=15;

--
-- AUTO_INCREMENT for table `tblmessage`
--
ALTER TABLE `tblmessage`
  MODIFY `id` int(11) NOT NULL AUTO_INCREMENT, AUTO_INCREMENT=26;

--
-- AUTO_INCREMENT for table `tblpost`
--
ALTER TABLE `tblpost`
  MODIFY `id` int(11) NOT NULL AUTO_INCREMENT, AUTO_INCREMENT=8;

--
-- AUTO_INCREMENT for table `tblprofile`
--
ALTER TABLE `tblprofile`
  MODIFY `id` int(11) NOT NULL AUTO_INCREMENT, AUTO_INCREMENT=28;

--
-- AUTO_INCREMENT for table `tblsans`
--
ALTER TABLE `tblsans`
  MODIFY `id` int(11) NOT NULL AUTO_INCREMENT, AUTO_INCREMENT=11;

--
-- AUTO_INCREMENT for table `user`
--
ALTER TABLE `user`
  MODIFY `id` int(11) NOT NULL AUTO_INCREMENT, AUTO_INCREMENT=51;

--
-- Constraints for dumped tables
--

--
-- Constraints for table `auth_assignment`
--
ALTER TABLE `auth_assignment`
  ADD CONSTRAINT `auth_assignment_ibfk_1` FOREIGN KEY (`item_name`) REFERENCES `auth_item` (`name`) ON DELETE CASCADE ON UPDATE CASCADE;

--
-- Constraints for table `auth_item`
--
ALTER TABLE `auth_item`
  ADD CONSTRAINT `auth_item_ibfk_1` FOREIGN KEY (`rule_name`) REFERENCES `auth_rule` (`name`) ON DELETE SET NULL ON UPDATE CASCADE;

--
-- Constraints for table `auth_item_child`
--
ALTER TABLE `auth_item_child`
  ADD CONSTRAINT `auth_item_child_ibfk_1` FOREIGN KEY (`parent`) REFERENCES `auth_item` (`name`) ON DELETE CASCADE ON UPDATE CASCADE,
  ADD CONSTRAINT `auth_item_child_ibfk_2` FOREIGN KEY (`child`) REFERENCES `auth_item` (`name`) ON DELETE CASCADE ON UPDATE CASCADE;
COMMIT;

/*!40101 SET CHARACTER_SET_CLIENT=@OLD_CHARACTER_SET_CLIENT */;
/*!40101 SET CHARACTER_SET_RESULTS=@OLD_CHARACTER_SET_RESULTS */;
/*!40101 SET COLLATION_CONNECTION=@OLD_COLLATION_CONNECTION */;
