-- phpMyAdmin SQL Dump
-- version 4.7.7
-- https://www.phpmyadmin.net/
--
-- Host: localhost:3306
-- Generation Time: Nov 15, 2018 at 05:17 AM
-- Server version: 5.7.24
-- PHP Version: 5.6.30

SET SQL_MODE = "NO_AUTO_VALUE_ON_ZERO";
SET AUTOCOMMIT = 0;
START TRANSACTION;
SET time_zone = "+00:00";


/*!40101 SET @OLD_CHARACTER_SET_CLIENT=@@CHARACTER_SET_CLIENT */;
/*!40101 SET @OLD_CHARACTER_SET_RESULTS=@@CHARACTER_SET_RESULTS */;
/*!40101 SET @OLD_COLLATION_CONNECTION=@@COLLATION_CONNECTION */;
/*!40101 SET NAMES utf8mb4 */;

--
-- Database: `hotelsee_asli3`
--

-- --------------------------------------------------------

--
-- Table structure for table `auth_assignment`
--

CREATE TABLE `auth_assignment` (
  `item_name` varchar(64) COLLATE utf8_unicode_ci NOT NULL,
  `user_id` varchar(64) COLLATE utf8_unicode_ci NOT NULL,
  `created_at` int(11) DEFAULT NULL
) ENGINE=InnoDB DEFAULT CHARSET=utf8 COLLATE=utf8_unicode_ci;

--
-- Dumping data for table `auth_assignment`
--

INSERT INTO `auth_assignment` (`item_name`, `user_id`, `created_at`) VALUES
('admin', '128', 1534755220),
('admin', '129', 1534755630),
('admin', '137', 1534830753),
('employee', '130', 1534758279),
('employee', '138', 1534925024),
('employee', '139', 1534925175),
('employee', '140', 1534931624),
('employee', '143', 1535201445),
('employee', '144', 1535201585),
('manager', '131', 1534758374),
('manager', '141', 1534933528),
('manager', '142', 1535006794),
('manager', '145', 1535301358),
('manager', '147', 1535448541),
('manager', '148', 1535448604),
('user', '132', 1534758427),
('user', '133', 1534758446),
('user', '134', 1534793907),
('user', '135', 1534795078),
('user', '136', 1534795107),
('user', '146', 1535448316),
('user', '149', 1535531645),
('user', '150', 1535553087),
('user', '151', 1535553156),
('user', '152', 1535901342),
('user', '153', 1535901355),
('user', '154', 1535901362),
('user', '155', 1536246436),
('user', '156', 1536246448),
('user', '157', 1536246456),
('user', '158', 1536426042),
('user', '159', 1536426055),
('user', '160', 1536611366),
('user', '161', 1536611411),
('user', '162', 1537524536),
('user', '163', 1537524546),
('user', '164', 1537524554),
('user', '165', 1537524561),
('user', '166', 1540905154);

-- --------------------------------------------------------

--
-- Table structure for table `auth_item`
--

CREATE TABLE `auth_item` (
  `name` varchar(64) COLLATE utf8_unicode_ci NOT NULL,
  `type` smallint(6) NOT NULL,
  `description` text COLLATE utf8_unicode_ci,
  `rule_name` varchar(64) COLLATE utf8_unicode_ci DEFAULT NULL,
  `data` blob,
  `created_at` int(11) DEFAULT NULL,
  `updated_at` int(11) DEFAULT NULL
) ENGINE=InnoDB DEFAULT CHARSET=utf8 COLLATE=utf8_unicode_ci;

--
-- Dumping data for table `auth_item`
--

INSERT INTO `auth_item` (`name`, `type`, `description`, `rule_name`, `data`, `created_at`, `updated_at`) VALUES
('admin', 1, NULL, NULL, NULL, 1534754608, 1534754608),
('employee', 1, NULL, NULL, NULL, 1534754608, 1534754608),
('manager', 1, NULL, NULL, NULL, 1534754608, 1534754608),
('user', 1, NULL, NULL, NULL, 1534754608, 1534754608);

-- --------------------------------------------------------

--
-- Table structure for table `auth_item_child`
--

CREATE TABLE `auth_item_child` (
  `parent` varchar(64) COLLATE utf8_unicode_ci NOT NULL,
  `child` varchar(64) COLLATE utf8_unicode_ci NOT NULL
) ENGINE=InnoDB DEFAULT CHARSET=utf8 COLLATE=utf8_unicode_ci;

-- --------------------------------------------------------

--
-- Table structure for table `auth_rule`
--

CREATE TABLE `auth_rule` (
  `name` varchar(64) COLLATE utf8_unicode_ci NOT NULL,
  `data` blob,
  `created_at` int(11) DEFAULT NULL,
  `updated_at` int(11) DEFAULT NULL
) ENGINE=InnoDB DEFAULT CHARSET=utf8 COLLATE=utf8_unicode_ci;

-- --------------------------------------------------------

--
-- Table structure for table `migration`
--

CREATE TABLE `migration` (
  `version` varchar(180) COLLATE utf8_persian_ci NOT NULL,
  `apply_time` int(11) DEFAULT NULL
) ENGINE=InnoDB DEFAULT CHARSET=utf8 COLLATE=utf8_persian_ci;

--
-- Dumping data for table `migration`
--

INSERT INTO `migration` (`version`, `apply_time`) VALUES
('m000000_000000_base', 1529906091),
('m130524_201442_init', 1529906094),
('m140506_102106_rbac_init', 1529906129),
('m170907_052038_rbac_add_index_on_auth_assignment_user_id', 1529906129);

-- --------------------------------------------------------

--
-- Table structure for table `tbhotel`
--

CREATE TABLE `tbhotel` (
  `id` int(11) NOT NULL,
  `name_hotel` varchar(300) COLLATE utf8_persian_ci NOT NULL,
  `name_hotel_en` varchar(300) COLLATE utf8_persian_ci NOT NULL,
  `name_manager_hotel` varchar(300) COLLATE utf8_persian_ci NOT NULL,
  `address_hotel` varchar(300) COLLATE utf8_persian_ci NOT NULL,
  `addrerss_hotel_en` varchar(300) COLLATE utf8_persian_ci NOT NULL,
  `city_hotel` varchar(300) COLLATE utf8_persian_ci NOT NULL,
  `city_hotel_en` varchar(300) COLLATE utf8_persian_ci NOT NULL,
  `status_star` varchar(300) COLLATE utf8_persian_ci NOT NULL,
  `map_x` double DEFAULT NULL,
  `map_y` double DEFAULT NULL,
  `phone` varchar(300) COLLATE utf8_persian_ci NOT NULL,
  `mobile_manager` int(11) NOT NULL,
  `logo_hotel` varchar(300) COLLATE utf8_persian_ci NOT NULL,
  `date` date NOT NULL,
  `time` int(11) NOT NULL,
  `time_end` int(11) NOT NULL,
  `general_information` text COLLATE utf8_persian_ci,
  `general_information_en` text COLLATE utf8_persian_ci,
  `space` text COLLATE utf8_persian_ci,
  `space_en` text COLLATE utf8_persian_ci,
  `roles` text COLLATE utf8_persian_ci,
  `roles_en` text COLLATE utf8_persian_ci,
  `cod_manager` varchar(300) COLLATE utf8_persian_ci NOT NULL,
  `hom_count` int(11) DEFAULT '0'
) ENGINE=InnoDB DEFAULT CHARSET=utf8 COLLATE=utf8_persian_ci;

--
-- Dumping data for table `tbhotel`
--

INSERT INTO `tbhotel` (`id`, `name_hotel`, `name_hotel_en`, `name_manager_hotel`, `address_hotel`, `addrerss_hotel_en`, `city_hotel`, `city_hotel_en`, `status_star`, `map_x`, `map_y`, `phone`, `mobile_manager`, `logo_hotel`, `date`, `time`, `time_end`, `general_information`, `general_information_en`, `space`, `space_en`, `roles`, `roles_en`, `cod_manager`, `hom_count`) VALUES
(13, 'گامبرون', 'GAMBERON', 'آقای سیستانی', 'گیش- -میدان ساحل-خیابان لوپ پرتو انگار-هتل گامبرون', 'kish-hotel gamberon', 'کیش', 'kish', '4star', NULL, NULL, '0913456030', 2147483647, '1A4B430C-3BFD-4C68-8E5B-7DD3A125AB34.jpeg', '2018-08-09', 1533796130, 1, '', '', '', '', '', '', '1-13-1657', 106),
(14, 'پارمیدا', 'PARMIDA', 'صالحی', 'کیش-خیابان رودکی . جنب برج های مسکونی دیپلمات', '.', 'کیش', 'kish', '5star', NULL, NULL, '07644467683', 24234324, '123.jpg', '2018-08-08', 1533715120, 1, '<p>sfdf</p>', '', 'واقع در مرکز شهر', '.', '<div class=\"page mt50\">\r\n<div class=\"col-md-12\">\r\n<div class=\"vc_row wpb_row vc_row-fluid\">\r\n<div class=\"wpb_column vc_column_container vc_col-sm-12\">\r\n<div class=\"vc_column-inner \">\r\n<div class=\"wpb_wrapper\">\r\n<div class=\"wpb_text_column wpb_content_element \">\r\n<div class=\"wpb_wrapper\">\r\n<p style=\"text-align: center;\"><span style=\"font-size: 13pt;\"><strong>درباره هتل پارمیدا کیش</strong></span></p>\r\n<p style=\"text-align: center;\"><span style=\"font-size: 13pt;\"><strong>هتل پنج ستاره پارمیدا در اوایل اسفند ماه سال ۱۳۹۳ روبروی پارک شهر کیش افتتاح و شروع به کار نمود. این هتل در کنار مرکز تجاری واقع شده و از موقعیت عالی جهت دسترسی به مکانهای دیدنی و تجاری جزیره برخوردار است. اتاق های زیبا و لوکس از چیدمان منحصر به فرد این هتل به شمار می&zwnj;رود، هتل پارمیدا با دارا بودن امکانات رفاهی و کادر مجرب و آموزش دیده میزبان میهمانان گرامی می باشد. به علت چارتر بودن هتل امکان کنسلی وجود ندارد</strong></span></p>\r\n</div>\r\n</div>\r\n</div>\r\n</div>\r\n</div>\r\n</div>\r\n</div>\r\n</div>', '<p>sfsdf</p>', '1-14-18462', 0),
(15, 'هتل شایگان', 'SHAYGAN', '.', 'کیش- خیابان رودکی -هتل شایگان ', 'shaygan', 'کیش', 'kish', '5star', NULL, NULL, '07644467444', 2147483647, 'imagerfrff.jpg', '2018-08-19', 1534685831, 1, '<div id=\"mpc_textblock-275b6a8983a00e2\" class=\"mpc-textblock mpc-inited\" style=\"opacity: 1;\">\r\n<p style=\"direction: rtl; text-shadow: 1px 1px #000000;\"><strong><span style=\"font-size: 10pt;\">هتل شایگان کیش در زمینی به وسعت ۱۵۰۰۰ متر مربع در بهترین بخش نوار سیاحتی جزیره مرجانی کیش در سال ۱۳۸۲ افتتاح و مورد بهره برداری قرار گرفت. این هتل در شش طبقه با سه آسانسور مخصوص میهمانان و دارای یکصد و سی اتاق مجلل و سویت های رویال مجهز به جکوزی با نمای رو به دریا و رو به جزیره میباشد.</span></strong></p>\r\n<p style=\"direction: rtl; text-shadow: 1px 1px #000000;\"><strong><span style=\"font-size: 10pt;\">فاصله کم هتل تا ساحل و اسکله تفریحی تالار شهر و مراکز اصلی خرید مانند بازارهای زیتون،مرکز تجاری،پانیذ،هایپر مارکت،پردیس ۱و۲ و&hellip; این امکان را به شما میدهد تادرصورت تمایل در فصول مناسب پیاده طی کنید و از هوای مطبوع جزیره بهره مند شوید. هتل شایگان در سال ۲۰۱۱میلادی به عنوان بهترین هتل در زمینه خدمات هتلداری و پذیرایی موفق به اخذ لوح زرین وتندیس طلایی،از سازمان جهانی گردشگری UNTWO اسپانیا گردیده است.</span></strong></p>\r\n<p style=\"direction: rtl; text-shadow: #000000 1px 1px; text-align: center;\"><strong><span style=\"font-size: 10pt;\">همچنین در آذرماه ۱۳۹۰ هتل شایگان مفتخر به دریافت تندیس زرین برند برتر از دومین جشنواره برند در گردشگری تهران گردیده است.</span></strong></p>\r\n</div>', '<div class=\"vc_empty_space\" style=\"height: 15px;\"><span style=\"font-size: 10pt;\"><strong>&nbsp;</strong></span></div>\r\n<div id=\"mpc_textblock-75b6a8a5633666\" class=\"mpc-textblock mpc-inited\" style=\"opacity: 1;\">\r\n<p><span style=\"font-size: 10pt;\"><strong>Shayegan Kish Hotel opened and operated in an area of 15,000 square meters in the best part of the Kish Island Corridor. The hotel has six floors with three lifts for guests and one hundred and thirty luxurious suites with jacuzzi and sea views facing the island.</strong></span></p>\r\n<p><span style=\"font-size: 10pt;\"><strong>The distance from the hotel to the beach and the harbor of the City Hall and the main shopping centers such as the Olive markets, the commercial center, Panjiz, Hypermarket, Campus 1 and 2, and &hellip; It allows you to walk in the appropriate seasons and from Enjoy the air condition of the island. In 2011, Hotel Shayegan won the World Tourism Organization UNTWO as the best hotel and catering service in the United States.</strong></span></p>\r\n<p style=\"text-shadow: #000000 1px 1px; text-align: center;\"><span style=\"font-size: 10pt;\"><strong>Also in December 2011, Shayegan Hotel has been honored to receive the golden brand statue of the 2nd Brand Festival in Tehran </strong></span></p>\r\n</div>', '', '', '<div id=\"mpc_textblock-275b6a8983a00e2\" class=\"mpc-textblock mpc-inited\" style=\"opacity: 1;\">\r\n<p style=\"direction: rtl; text-shadow: 1px 1px #000000;\"><strong><span style=\"font-size: 10pt;\">هتل شایگان کیش در زمینی به وسعت ۱۵۰۰۰ متر مربع در بهترین بخش نوار سیاحتی جزیره مرجانی کیش در سال ۱۳۸۲ افتتاح و مورد بهره برداری قرار گرفت. این هتل در شش طبقه با سه آسانسور مخصوص میهمانان و دارای یکصد و سی اتاق مجلل و سویت های رویال مجهز به جکوزی با نمای رو به دریا و رو به جزیره میباشد.</span></strong></p>\r\n<p style=\"direction: rtl; text-shadow: 1px 1px #000000;\"><strong><span style=\"font-size: 10pt;\">فاصله کم هتل تا ساحل و اسکله تفریحی تالار شهر و مراکز اصلی خرید مانند بازارهای زیتون،مرکز تجاری،پانیذ،هایپر مارکت،پردیس ۱و۲ و&hellip; این امکان را به شما میدهد تادرصورت تمایل در فصول مناسب پیاده طی کنید و از هوای مطبوع جزیره بهره مند شوید. هتل شایگان در سال ۲۰۱۱میلادی به عنوان بهترین هتل در زمینه خدمات هتلداری و پذیرایی موفق به اخذ لوح زرین وتندیس طلایی،از سازمان جهانی گردشگری UNTWO اسپانیا گردیده است.</span></strong></p>\r\n<p style=\"direction: rtl; text-shadow: #000000 1px 1px; text-align: center;\"><strong><span style=\"font-size: 10pt;\">همچنین در آذرماه ۱۳۹۰ هتل شایگان مفتخر به دریافت تندیس زرین برند برتر از دومین جشنواره برند در گردشگری تهران گردیده است.</span></strong></p>\r\n</div>', '<div class=\"vc_empty_space\" style=\"height: 15px;\"><span style=\"font-size: 10pt;\"><strong>&nbsp;</strong></span></div>\r\n<div id=\"mpc_textblock-75b6a8a5633666\" class=\"mpc-textblock mpc-inited\" style=\"opacity: 1;\">\r\n<p><span style=\"font-size: 10pt;\"><strong>Shayegan Kish Hotel opened and operated in an area of 15,000 square meters in the best part of the Kish Island Corridor. The hotel has six floors with three lifts for guests and one hundred and thirty luxurious suites with jacuzzi and sea views facing the island.</strong></span></p>\r\n<p><span style=\"font-size: 10pt;\"><strong>The distance from the hotel to the beach and the harbor of the City Hall and the main shopping centers such as the Olive markets, the commercial center, Panjiz, Hypermarket, Campus 1 and 2, and &hellip; It allows you to walk in the appropriate seasons and from Enjoy the air condition of the island. In 2011, Hotel Shayegan won the World Tourism Organization UNTWO as the best hotel and catering service in the United States.</strong></span></p>\r\n<p style=\"text-shadow: #000000 1px 1px; text-align: center;\"><span style=\"font-size: 10pt;\"><strong>Also in December 2011, Shayegan Hotel has been honored to receive the golden brand statue of the 2nd Brand Festival in Tehran </strong></span></p>\r\n</div>', '1-15-8460', 0),
(16, 'هلیا', 'HELIA', 'آقای جوینده', 'کیش-بردار ساحل - جنب ساختمان بورس', '.', 'کیش', 'kish', '4star', NULL, NULL, '07644420951', 2147483647, '12345.jpg', '2018-07-31', 1533017957, 1, '', '', '', '', '', '', '1-16-14298', 0),
(17, 'هتل آرامش', 'HOTEL ARAMESH', 'پازوکی', 'کیش-بلوار دریا -خیابان فانوس -جنب بازار زیتون ', 'kish-', 'کیش', 'kish', '3star', NULL, NULL, '0000000', 0, 'image2018-07-19 13-38-23.jpg', '2018-08-25', 1535179005, 1, '<p>.</p>', '<p>.</p>', '', '', '<p>.</p>', '<p>.</p>', '1-17-10937', 0),
(18, 'هتل سانرایز', 'SUNRISE', '.', 'کیش', 'KISH', 'کیش', 'kish', '3star', NULL, NULL, '0000000', 0, 'DEDRFRG.jpg', '2018-08-25', 1535211582, 1, '<p>.</p>', '<p>.</p>', '', '', '', '', '1-18-9845', 0);

-- --------------------------------------------------------

--
-- Table structure for table `tblcathotel`
--

CREATE TABLE `tblcathotel` (
  `id` int(11) NOT NULL,
  `id_hotel` int(11) NOT NULL,
  `title` varchar(300) COLLATE utf8_persian_ci NOT NULL,
  `title_en` varchar(300) COLLATE utf8_persian_ci NOT NULL,
  `logo` varchar(300) COLLATE utf8_persian_ci NOT NULL,
  `position` int(11) DEFAULT '0'
) ENGINE=InnoDB DEFAULT CHARSET=utf8 COLLATE=utf8_persian_ci;

--
-- Dumping data for table `tblcathotel`
--

INSERT INTO `tblcathotel` (`id`, `id_hotel`, `title`, `title_en`, `logo`, `position`) VALUES
(1, 4, 'd', 'fgdg', '1.jpeg', 0),
(2, 7, 'یبس', 'dsfs', 'download.png', 0),
(3, 8, 'd', 'dsfs', 'car.png', 0),
(4, 6, 'اللا', 'تا', 'a5008801441b444109b7ede906b67d9f--iphone-backgrounds-jazz.jpg', 0),
(5, 11, 'رستوران', 'restouran', 'send.png', 0),
(6, 13, 'کافی شاپ', 'Cafe shop', 'index.jpg', 1),
(7, 13, 'حنا کاری وبافت مو', 'HANA KARI', '87878.jpg', 4),
(8, 13, 'رستوران', 'restaurant', 'لوگو-رستوان-و-غذا-خوری.jpg', 3),
(10, 13, 'عکاسی', 'PHOTO', 'images.png', 0),
(11, 13, 'اجاره خودرو', 'a', 'images435.png', 0),
(12, 13, 'پیرایشگاه', 'p', '699.jpg', 0),
(13, 13, 'لاندری ', 'l', 'com.ariyad.laundry_0.png', 0),
(14, 13, 'گردشگری', 'Gardeshgari', 'Untitled.jpg', 0),
(15, 13, 'پذیرش', 'paziresh', 'index567.jpg', 0),
(16, 13, 'سالن بیلیارد', 'b', 'index4.jpg', 0),
(17, 13, 'خانه داری', 'k', 'vacuum-cleaner-300x300.png', 0),
(18, 13, 'مدیریت', 'm', '2.png', 0),
(20, 14, 'رستوران ', 'restaurant', 'لوگو-رستوان-و-غذا-خوری.jpg', 1),
(21, 14, 'مدیران', 'manager', '3-men1.png', 1),
(22, 14, 'عکاسی', 'photo', 'images.png', 2),
(23, 14, 'استخر', 'e', 'imagess.jpg', 3),
(24, 14, 'پذیرش', 'paziresh', 'index567.jpg', 4),
(25, 14, 'گردشگری', 'Gardeshgari', 'Untitled.jpg', 5),
(26, 14, 'اجاره خودرو', 'rent', 'images435.png', 6),
(27, 14, 'لاندری', 'l', 'com.ariyad.laundry_0.png', 7),
(28, 14, 'خانه داری', 'kh', 'vacuum-cleaner-300x300.png', 8),
(29, 14, 'کافی شاپ', 'Cafe shop', 'index.jpg', 9),
(30, 14, 'ماساژ', 'm', '41584215841235-300x225.jpg', 10),
(31, 14, 'جامدان', 'g', 'images.jpg', 0),
(32, 16, 'عکاسی', 'photo', 'images.png', 0),
(33, 16, 'رستوران', 'restaurant', 'لوگو-رستوان-و-غذا-خوری.jpg', 1),
(34, 16, 'اجاره خودرو', 'rent', 'images435.png', 2),
(35, 16, 'پذیرش', 'paziresh', 'index567.jpg', 3),
(36, 16, 'لاندری', 'l', 'com.ariyad.laundry_0.png', 4),
(37, 16, 'خانه داری', 'kh', 'vacuum-cleaner-300x300.png', 5),
(38, 16, 'کافی شاپ', 'Cafe shop', 'index.jpg', NULL),
(39, 16, 'گردشگری', 'Gardeshgari', 'Untitled.jpg', 7),
(40, 14, 'انفرماتیک', 'it', 'images66.jpg', NULL),
(41, 14, 'نمازخانه', 'n', 'index12132.png', NULL),
(42, 14, 'لمکده', 'L', '16-6-6-73736capture.jpg', NULL),
(43, 14, 'زمین تنیس', 't', 'images6567.jpg', NULL),
(44, 15, 'عکاسی', 'photo', 'images.png', 1),
(45, 15, 'گردشگری', 'Gardeshgari', 'Untitled.jpg', 2),
(46, 15, 'خانه داری', 'khanedari', 'vacuum-cleaner-300x300.png', 4),
(47, 15, 'پذیرش', 'paziresh', 'index567.jpg', 5),
(48, 15, 'اجاره خودرو', 'rent', 'images435.png', 6),
(49, 15, 'کافه گاردن', '.', '5.png', NULL),
(50, 15, 'کافی شاپ', 'k', 'index.jpg', NULL),
(51, 15, 'رستوران', 'restaurant', 'لوگو-رستوان-و-غذا-خوری.jpg', NULL),
(52, 15, 'رستوران برزیلی', 'restaurant', 'restaurant-sign-restaurant-symbol-vector-1649183.jpg', NULL),
(53, 15, 'لاندری', 'l', 'com.ariyad.laundry_0.png', NULL),
(54, 15, 'ماساژ', '.', '41584215841235-300x225.jpg', NULL),
(55, 15, 'نمازخانه', '.', 'index12132.png', NULL),
(56, 15, 'حنا کاری وبافت مو', '.', '87878.jpg', NULL),
(57, 15, 'استخر', 'e', '0011093_ویژه-بانوان-تخفیف-استخر-ناهید-ورودی-استخر-سونا-جکوزی.jpeg', NULL),
(58, 16, 'لمکده', 'l', '894684131_1505568742_562591689_1496063917__620-450-frt.jpg', NULL),
(59, 16, 'اجاره دوچرخه', '.', 'do.jpg', NULL),
(60, 16, 'جامدان', '.', 'images565767.jpg', NULL),
(61, 17, 'عکاسی', 'photo', 'images.png', NULL),
(62, 17, 'گردشگری', '.', 'Untitled.jpg', NULL),
(63, 17, 'کافی شاپ', '.', 'index.jpg', NULL),
(64, 17, 'لمکده', 'l', 'IMG_2498.jpg', NULL),
(65, 17, 'خانه داری', '.', 'vacuum-cleaner-300x300.png', NULL),
(66, 17, 'لاندری', '.', 'com.ariyad.laundry_0.png', NULL),
(67, 17, 'پذیرش', '.', 'index567.jpg', NULL),
(68, 17, 'اجاره خودرو', '.', 'a2b808bbbad99984d38bf9a2a245dc6957668.jpg', 1),
(69, 17, 'رستوران', '.', 'لوگو-رستوان-و-غذا-خوری.jpg', 2),
(70, 17, 'نمازخانه', '.', 'index12132.png', NULL),
(71, 17, 'مدیران', '.', '3-men1.png', NULL),
(72, 18, 'کافی شاپ', '.', 'index.jpg', NULL),
(73, 18, 'رستوران', 'restaurant', 'لوگو-رستوان-و-غذا-خوری.jpg', NULL),
(74, 18, 'عکاسی', 'photo', 'images.png', NULL),
(75, 18, 'گردشگری', '.', 'گردشگری-ماجراجویانه-karnaval.ir0_-1.jpg', NULL),
(76, 18, 'اجاره خودرو', 'rent', 'a2b808bbbad99984d38bf9a2a245dc6957668.jpg', NULL),
(77, 18, 'لاندری', '.', 'com.ariyad.laundry_0.png', NULL),
(78, 18, 'خانه داری', '.', 'vacuum-cleaner-300x300.png', NULL),
(79, 18, 'پذیرش', '.', 'index567.jpg', NULL),
(80, 18, 'نمازخانه', 'kh', 'index12132.png', NULL),
(81, 18, 'مدیران', '.', '3-men1.png', NULL),
(82, 18, 'باغچه سنتی', '.', '894684131_1505568742_562591689_1496063917__620-450-frt.jpg', 0);

-- --------------------------------------------------------

--
-- Table structure for table `tblcatpost`
--

CREATE TABLE `tblcatpost` (
  `id` int(11) NOT NULL,
  `id_parent` int(11) NOT NULL,
  `logo` varchar(300) COLLATE utf8_persian_ci NOT NULL,
  `description` varchar(100) COLLATE utf8_persian_ci NOT NULL,
  `title` varchar(300) COLLATE utf8_persian_ci NOT NULL,
  `enable` int(11) DEFAULT '1'
) ENGINE=InnoDB DEFAULT CHARSET=utf8 COLLATE=utf8_persian_ci;

--
-- Dumping data for table `tblcatpost`
--

INSERT INTO `tblcatpost` (`id`, `id_parent`, `logo`, `description`, `title`, `enable`) VALUES
(1, 0, 'usd', 'تخفیفات یا برترین ها', 'تخفیفات یا برترین ها', 1),
(2, 0, 'compass', 'قبله نما', 'قبله نما', 1),
(3, 0, 'hospital-o', 'تلفن های ضروری', 'تلفن های ضروری', 1),
(4, 0, 'plane', 'بلیط هواپیما', 'بلیط هواپیما', 1),
(5, 0, 'shopping-cart', 'مراکز خرید', 'مراکز خرید', 1),
(6, 0, 'ticket', 'رزرو هتل', 'رزرو هتل', 1),
(7, 0, 'image', 'مراکز گردشگری', 'مراکز گردشگری', 1),
(8, 0, 'exclamation-circle', 'درباره کیش', 'درباره کیش', 1),
(9, 4, '1.jpeg', ' charter.ir', 'چارتری', 0),
(10, 4, 'logo.png', 'sfd', 'رزرو انلاین', 1),
(11, 4, 'lang_ads5_img_1488901450.gif', 'charter.ir', 'چارتری', 1),
(12, 8, 'kish_island_map_hi.jpg', 'نمایش نقشه کیش', 'نقشه کیش', 1);

-- --------------------------------------------------------

--
-- Table structure for table `tblcod`
--

CREATE TABLE `tblcod` (
  `id` int(11) NOT NULL,
  `id_hotel` int(11) NOT NULL,
  `code` varchar(300) COLLATE utf8_persian_ci NOT NULL,
  `enable` int(11) NOT NULL DEFAULT '1'
) ENGINE=InnoDB DEFAULT CHARSET=utf8 COLLATE=utf8_persian_ci;

--
-- Dumping data for table `tblcod`
--

INSERT INTO `tblcod` (`id`, `id_hotel`, `code`, `enable`) VALUES
(1, 7, '0-7-9050706', 0),
(2, 7, '0-7-4088354', 0),
(3, 7, '0-7-3473679', 0),
(4, 7, '0-7-4295963', 0),
(5, 7, '0-7-3754873', 0),
(6, 7, '0-7-2859244', 0),
(7, 8, '0-8-1460874', 0),
(8, 7, '0-7-2487353', 1),
(9, 7, '0-7-8429907', 1),
(10, 7, '0-7-5951898', 1),
(11, 7, '0-7-3028211', 1),
(12, 7, '0-7-5148508', 1),
(13, 7, '0-7-4085819', 1),
(14, 7, '0-7-1680199', 1),
(15, 7, '0-7-5603111', 1),
(16, 7, '0-7-7076386', 1),
(17, 7, '0-7-3895047', 1),
(18, 7, '0-7-9750768', 1),
(19, 7, '0-7-2881798', 1),
(20, 7, '0-7-8341191', 1),
(21, 7, '0-7-7727452', 1),
(22, 7, '0-7-4157690', 1),
(23, 7, '0-7-4054582', 1),
(24, 7, '0-7-6822330', 1),
(25, 7, '0-7-4799227', 1),
(26, 7, '0-7-2626412', 1),
(27, 7, '0-7-5489688', 1),
(28, 7, '0-7-118960', 1),
(29, 7, '0-7-8757619', 1),
(30, 7, '0-7-3147664', 1),
(31, 7, '0-7-8460898', 1),
(32, 7, '0-7-8509980', 1),
(33, 7, '0-7-1045382', 1),
(34, 7, '0-7-1473576', 1),
(35, 7, '0-7-2510883', 1),
(36, 7, '0-7-2234399', 1),
(37, 7, '0-7-378675', 1),
(38, 7, '0-7-7179624', 1),
(39, 7, '0-7-2066353', 1),
(40, 7, '0-7-5432994', 1),
(41, 7, '0-7-5932759', 1),
(42, 7, '0-7-5401083', 1),
(43, 7, '0-7-6716445', 1),
(44, 7, '0-7-3874667', 1),
(45, 7, '0-7-4438725', 1),
(46, 7, '0-7-1755892', 1),
(47, 7, '0-7-485749', 1),
(48, 7, '0-7-1210145', 1),
(49, 7, '0-7-9689394', 1),
(50, 7, '0-7-7863350', 1),
(51, 7, '0-7-2381379', 1),
(52, 7, '0-7-2788913', 1),
(53, 7, '0-7-4552556', 1),
(54, 7, '0-7-4564383', 1),
(55, 7, '0-7-2114158', 1),
(56, 7, '0-7-869242', 1),
(57, 7, '0-7-7395689', 1),
(58, 7, '0-7-9188535', 1),
(59, 7, '0-7-1743706', 1),
(60, 7, '0-7-518542', 1),
(61, 7, '0-7-6695654', 1),
(62, 7, '0-7-6303299', 1),
(63, 7, '0-7-5469477', 1),
(64, 7, '0-7-9474938', 1),
(65, 7, '0-7-9335644', 1),
(66, 7, '0-7-9339566', 1),
(67, 7, '0-7-5570850', 1),
(68, 7, '0-7-4809776', 1),
(69, 7, '0-7-9996641', 1),
(70, 7, '0-7-5901204', 1),
(71, 7, '0-7-3655932', 1),
(72, 7, '0-7-9855539', 1),
(73, 7, '0-7-3856135', 1),
(74, 7, '0-7-255718', 1),
(75, 7, '0-7-5760704', 1),
(76, 7, '0-7-717888', 1),
(77, 7, '0-7-8188537', 1),
(78, 7, '0-7-7873590', 1),
(79, 7, '0-7-3263914', 1),
(80, 7, '0-7-9060141', 1),
(81, 7, '0-7-2061090', 1),
(82, 7, '0-7-2644027', 1),
(83, 7, '0-7-3747385', 1),
(84, 7, '0-7-4578880', 1),
(85, 7, '0-7-6297995', 1),
(86, 7, '0-7-6093581', 1),
(87, 7, '0-7-3422904', 1),
(88, 7, '0-7-3960237', 1),
(89, 7, '0-7-3024454', 1),
(90, 7, '0-7-5539885', 1),
(91, 7, '0-7-2584199', 1),
(92, 7, '0-7-5360105', 1),
(93, 7, '0-7-7763481', 1),
(94, 7, '0-7-3824570', 1),
(95, 7, '0-7-1904428', 1),
(96, 7, '0-7-3952826', 1),
(97, 7, '0-7-4916678', 1),
(98, 7, '0-7-5514868', 1),
(99, 7, '0-7-5311320', 1),
(100, 7, '0-7-3391699', 1),
(101, 7, '0-7-5140548', 1),
(102, 7, '0-7-6802631', 1),
(103, 7, '0-7-8236202', 1),
(104, 7, '0-7-5207872', 1),
(105, 7, '0-7-2821837', 1),
(106, 7, '0-7-2338273', 1),
(107, 7, '0-7-4362781', 1),
(108, 7, '0-7-4724959', 1),
(109, 7, '0-7-381610', 1),
(110, 7, '0-7-9063249', 1),
(111, 7, '0-7-7333177', 1),
(112, 7, '0-7-5060449', 1),
(113, 7, '0-7-7145406', 1),
(114, 7, '0-7-7697596', 1),
(115, 7, '0-7-1379756', 1),
(116, 7, '0-7-4931006', 1),
(117, 7, '0-7-5543520', 1),
(118, 7, '0-7-7860545', 1),
(119, 7, '0-7-1737622', 1),
(120, 7, '0-7-4872030', 1),
(121, 7, '0-7-3775417', 1),
(122, 7, '0-7-8401982', 1),
(123, 7, '0-7-740815', 1),
(124, 7, '0-7-992656', 1),
(125, 7, '0-7-3932803', 1),
(126, 7, '0-7-6646523', 1),
(127, 7, '0-7-1315386', 1),
(128, 7, '0-7-3507960', 1),
(129, 7, '0-7-1817873', 1),
(130, 7, '0-7-4664172', 1),
(131, 7, '0-7-6392370', 1),
(132, 7, '0-7-8070821', 1),
(133, 7, '0-7-3835444', 1),
(134, 7, '0-7-4013507', 1),
(135, 7, '0-7-5902347', 1),
(136, 7, '0-7-9017155', 1),
(137, 7, '0-7-719311', 1),
(138, 7, '0-7-7407588', 1),
(139, 7, '0-7-8590432', 1),
(140, 7, '0-7-1436051', 1),
(141, 7, '0-7-9767673', 1),
(142, 7, '0-7-1543844', 1),
(143, 7, '0-7-2932613', 1),
(144, 7, '0-7-7666210', 1),
(145, 7, '0-7-959478', 1),
(146, 7, '0-7-1123452', 1),
(147, 7, '0-7-2516986', 1),
(148, 7, '0-7-8677258', 1),
(149, 7, '0-7-7428393', 1),
(150, 7, '0-7-7334135', 1),
(151, 7, '0-7-9168964', 1),
(152, 7, '0-7-9305839', 1),
(153, 7, '0-7-2858222', 1),
(154, 7, '0-7-3095150', 1),
(155, 7, '0-7-5858348', 1),
(156, 7, '0-7-9324803', 1),
(157, 7, '0-7-3777156', 1),
(158, 7, '0-7-8890481', 1),
(159, 7, '0-7-9470591', 1),
(160, 7, '0-7-1909573', 1),
(161, 7, '0-7-2541779', 1),
(162, 7, '0-7-6069486', 1),
(163, 7, '0-7-3506291', 1),
(164, 7, '0-7-4144076', 1),
(165, 7, '0-7-8546791', 1),
(166, 7, '0-7-1326955', 1),
(167, 7, '0-7-7478085', 1),
(168, 7, '0-7-9511604', 1),
(169, 7, '0-7-2393641', 1),
(170, 7, '0-7-9357640', 1),
(171, 7, '0-7-3224269', 1),
(172, 7, '0-7-9081293', 1),
(173, 7, '0-7-9077085', 1),
(174, 7, '0-7-4923253', 1),
(175, 7, '0-7-2473319', 1),
(176, 7, '0-7-3763023', 1),
(177, 7, '0-7-1794754', 1),
(178, 7, '0-7-3508024', 1),
(179, 7, '0-7-8737624', 1),
(180, 7, '0-7-3162155', 1),
(181, 7, '0-7-5071339', 1),
(182, 7, '0-7-1904464', 1),
(183, 7, '0-7-5046672', 1),
(184, 7, '0-7-328116', 1),
(185, 7, '0-7-2762522', 1),
(186, 7, '0-7-7143629', 1),
(187, 7, '0-7-264019', 1),
(188, 7, '0-7-4803330', 1),
(189, 7, '0-7-6394923', 1),
(190, 7, '0-7-8598973', 1),
(191, 7, '0-7-6846361', 1),
(192, 7, '0-7-9015511', 1),
(193, 7, '0-7-3605207', 1),
(194, 7, '0-7-6627869', 1),
(195, 7, '0-7-7961770', 1),
(196, 7, '0-7-4296881', 1),
(197, 7, '0-7-246600', 1),
(198, 7, '0-7-6677092', 1),
(199, 7, '0-7-9705627', 1),
(200, 7, '0-7-5225125', 1),
(201, 7, '0-7-4713497', 1),
(202, 7, '0-7-6239750', 1),
(203, 7, '0-7-8243411', 1),
(204, 7, '0-7-8720046', 1),
(205, 7, '0-7-2880247', 1),
(206, 7, '0-7-1998518', 1),
(207, 7, '0-7-3953163', 1),
(208, 7, '0-7-9461318', 1),
(209, 7, '0-7-6320281', 1),
(210, 7, '0-7-5244322', 1),
(211, 7, '0-7-7242817', 1),
(212, 7, '0-7-1807664', 1),
(213, 7, '0-7-9500791', 1),
(214, 7, '0-7-9004678', 1),
(215, 7, '0-7-6694997', 1),
(216, 7, '0-7-5267630', 1),
(217, 7, '0-7-884207', 1),
(218, 7, '0-7-4477959', 1),
(219, 7, '0-7-9708351', 1),
(220, 7, '0-7-8279498', 1),
(221, 7, '0-7-8837715', 1),
(222, 7, '0-7-4745547', 1),
(223, 7, '0-7-4836665', 1),
(224, 7, '0-7-9845149', 1),
(225, 7, '0-7-5634151', 1),
(226, 7, '0-7-2848910', 1),
(227, 7, '0-7-1709053', 1),
(228, 7, '0-7-7313564', 1),
(229, 7, '0-7-430283', 1),
(230, 7, '0-7-1428146', 1),
(231, 7, '0-7-7344368', 1),
(232, 7, '0-7-1778695', 1),
(233, 7, '0-7-6257443', 1),
(234, 7, '0-7-7185416', 1),
(235, 7, '0-7-9758721', 1),
(236, 7, '0-7-3715150', 1),
(237, 7, '0-7-2206015', 1),
(238, 7, '0-7-7667255', 1),
(239, 7, '0-7-7691121', 1),
(240, 7, '0-7-4814809', 1),
(241, 7, '0-7-2528405', 1),
(242, 7, '0-7-6068261', 1),
(243, 7, '0-7-514398', 1),
(244, 7, '0-7-4657816', 1),
(245, 7, '0-7-7542963', 1),
(246, 7, '0-7-798769', 1),
(247, 7, '0-7-4466044', 1),
(248, 7, '0-7-9557206', 1),
(249, 7, '0-7-2345700', 1),
(250, 7, '0-7-9187662', 1),
(251, 7, '0-7-6018584', 1),
(252, 7, '0-7-5456560', 1),
(253, 7, '0-7-8776397', 1),
(254, 7, '0-7-6581738', 1),
(255, 7, '0-7-2367841', 1),
(256, 7, '0-7-7253441', 1),
(257, 7, '0-7-2233155', 1),
(258, 7, '0-7-8346363', 1),
(259, 7, '0-7-4546661', 1),
(260, 7, '0-7-6014952', 1),
(261, 7, '0-7-1604286', 1),
(262, 7, '0-7-4981186', 1),
(263, 7, '0-7-7275619', 1),
(264, 7, '0-7-1050467', 1),
(265, 7, '0-7-4132032', 1),
(266, 7, '0-7-1218630', 1),
(267, 7, '0-7-6636764', 1),
(268, 7, '0-7-4405952', 1),
(269, 7, '0-7-2283135', 1),
(270, 7, '0-7-1315781', 1),
(271, 7, '0-7-1687641', 1),
(272, 7, '0-7-5010569', 1),
(273, 7, '0-7-1615985', 1),
(274, 7, '0-7-5084180', 1),
(275, 7, '0-7-2825974', 1),
(276, 7, '0-7-6168252', 1),
(277, 7, '0-7-3938182', 1),
(278, 7, '0-7-6845231', 1),
(279, 7, '0-7-4270224', 1),
(280, 7, '0-7-5077041', 1),
(281, 7, '0-7-7457290', 1),
(282, 7, '0-7-3343177', 1),
(283, 7, '0-7-9703392', 1),
(284, 7, '0-7-7342755', 1),
(285, 7, '0-7-9678173', 1),
(286, 7, '0-7-5514370', 1),
(287, 7, '0-7-6403808', 1),
(288, 7, '0-7-3212157', 1),
(289, 7, '0-7-4128585', 1),
(290, 7, '0-7-5398731', 1),
(291, 7, '0-7-7226935', 1),
(292, 7, '0-7-6724129', 1),
(293, 7, '0-7-6947898', 1),
(294, 7, '0-7-393441', 1),
(295, 7, '0-7-9672449', 1),
(296, 7, '0-7-9494734', 1),
(297, 7, '0-7-4252630', 1),
(298, 7, '0-7-9925809', 1),
(299, 7, '0-7-5217644', 1),
(300, 7, '0-7-3748167', 1),
(301, 7, '0-7-1858492', 1),
(302, 7, '0-7-4247214', 1),
(303, 7, '0-7-2826938', 1),
(304, 7, '0-7-2230432', 1),
(305, 7, '0-7-5789153', 1),
(306, 7, '0-7-9374479', 1),
(307, 7, '0-7-3886075', 1),
(308, 7, '0-7-3471713', 1),
(309, 7, '0-7-6575355', 1),
(310, 7, '0-7-2313308', 1),
(311, 7, '0-7-1275675', 1),
(312, 7, '0-7-3823976', 1),
(313, 7, '0-7-7740282', 1),
(314, 7, '0-7-4835145', 1),
(315, 7, '0-7-4543171', 1),
(316, 7, '0-7-9785394', 1),
(317, 7, '0-7-6514301', 1),
(318, 7, '0-7-9959661', 1),
(319, 7, '0-7-7772819', 1),
(320, 7, '0-7-3651994', 1),
(321, 7, '0-7-7292872', 1),
(322, 7, '0-7-5244534', 1),
(323, 7, '0-7-5449422', 1),
(324, 7, '0-7-3020290', 1),
(325, 7, '0-7-6835863', 1),
(326, 7, '0-7-8192951', 1),
(327, 7, '0-7-3095512', 1),
(328, 7, '0-7-8498809', 1),
(329, 7, '0-7-130262', 1),
(330, 7, '0-7-7043110', 1),
(331, 7, '0-7-269320', 1),
(332, 7, '0-7-9541322', 1),
(333, 7, '0-7-1675067', 1),
(334, 7, '0-7-6736324', 1),
(335, 7, '0-7-8416047', 1),
(336, 7, '0-7-4731946', 1),
(337, 7, '0-7-339458', 1),
(338, 7, '0-7-2305742', 1),
(339, 7, '0-7-5314121', 1),
(340, 7, '0-7-4729270', 1),
(341, 7, '0-7-466743', 1),
(342, 7, '0-7-4404738', 1),
(343, 7, '0-7-9288086', 1),
(344, 7, '0-7-665192', 1),
(345, 7, '0-7-7452282', 1),
(346, 7, '0-7-4190065', 1),
(347, 7, '0-7-3923379', 1),
(348, 7, '0-7-4242842', 1),
(349, 7, '0-7-8533692', 1),
(350, 7, '0-7-6280467', 1),
(351, 7, '0-7-6629392', 1),
(352, 7, '0-7-9958679', 1),
(353, 7, '0-7-1643843', 1),
(354, 7, '0-7-9432977', 1),
(355, 7, '0-7-587872', 1),
(356, 7, '0-7-3662175', 1),
(357, 7, '0-7-7985378', 1),
(358, 7, '0-7-1096310', 1),
(359, 7, '0-7-3841564', 1),
(360, 7, '0-7-7663673', 1),
(361, 7, '0-7-3011407', 1),
(362, 7, '0-7-9043447', 1),
(363, 7, '0-7-7125351', 1),
(364, 7, '0-7-3301259', 1),
(365, 7, '0-7-8757060', 1),
(366, 7, '0-7-5690315', 1),
(367, 7, '0-7-832875', 1),
(368, 7, '0-7-7481118', 1),
(369, 7, '0-7-831235', 1),
(370, 7, '0-7-7402024', 1),
(371, 7, '0-7-7989515', 1),
(372, 7, '0-7-835081', 1),
(373, 7, '0-7-7332338', 1),
(374, 7, '0-7-9273695', 1),
(375, 7, '0-7-6470254', 1),
(376, 7, '0-7-1405071', 1),
(377, 7, '0-7-3487447', 1),
(378, 7, '0-7-6229378', 1),
(379, 7, '0-7-7290362', 1),
(380, 7, '0-7-4621144', 1),
(381, 7, '0-7-396930', 1),
(382, 7, '0-7-4989625', 1),
(383, 7, '0-7-7621014', 1),
(384, 7, '0-7-1639708', 1),
(385, 7, '0-7-2820369', 1),
(386, 7, '0-7-7806987', 1),
(387, 7, '0-7-8993376', 1),
(388, 7, '0-7-3774723', 1),
(389, 7, '0-7-5088467', 1),
(390, 7, '0-7-3619002', 1),
(391, 7, '0-7-8321010', 1),
(392, 7, '0-7-749531', 1),
(393, 7, '0-7-5897889', 1),
(394, 7, '0-7-3948746', 1),
(395, 7, '0-7-171172', 1),
(396, 7, '0-7-4102058', 1),
(397, 7, '0-7-1600137', 1),
(398, 7, '0-7-1580970', 1),
(399, 7, '0-7-1861204', 1),
(400, 7, '0-7-7899472', 1),
(401, 7, '0-7-9102331', 1),
(402, 7, '0-7-4938568', 1),
(403, 7, '0-7-5850259', 1),
(404, 7, '0-7-5607993', 1),
(405, 7, '0-7-6370171', 1),
(406, 7, '0-7-3877393', 1),
(407, 7, '0-7-3296807', 1),
(408, 7, '0-7-8859994', 1),
(409, 7, '0-7-6615246', 1),
(410, 7, '0-7-4871133', 1),
(411, 7, '0-7-6662949', 1),
(412, 7, '0-7-5626976', 1),
(413, 7, '0-7-5427337', 1),
(414, 7, '0-7-4924380', 1),
(415, 7, '0-7-1681820', 1),
(416, 7, '0-7-8547292', 1),
(417, 7, '0-7-5507967', 1),
(418, 7, '0-7-912666', 1),
(419, 7, '0-7-370897', 1),
(420, 7, '0-7-1577087', 1),
(421, 7, '0-7-9483267', 1),
(422, 7, '0-7-6958529', 1),
(423, 7, '0-7-5853321', 1),
(424, 7, '0-7-1813622', 1),
(425, 7, '0-7-7898975', 1),
(426, 7, '0-7-2506247', 1),
(427, 7, '0-7-6008136', 1),
(428, 7, '0-7-3393509', 1),
(429, 7, '0-7-1116574', 1),
(430, 7, '0-7-8370858', 1),
(431, 7, '0-7-5136397', 1),
(432, 7, '0-7-2246487', 1),
(433, 7, '0-7-8286347', 1),
(434, 7, '0-7-2920978', 1),
(435, 7, '0-7-5961496', 1),
(436, 7, '0-7-1269294', 1),
(437, 7, '0-7-5544666', 1),
(438, 7, '0-7-8839494', 1),
(439, 7, '0-7-6602699', 1),
(440, 7, '0-7-7460515', 1),
(441, 7, '0-7-208649', 1),
(442, 7, '0-7-9556904', 1),
(443, 7, '0-7-2087863', 1),
(444, 7, '0-7-4170071', 1),
(445, 7, '0-7-1740836', 1),
(446, 7, '0-7-5807388', 1),
(447, 7, '0-7-4876810', 1),
(448, 7, '0-7-7015698', 1),
(449, 7, '0-7-1027309', 1),
(450, 7, '0-7-3404720', 1),
(451, 7, '0-7-7888839', 1),
(452, 7, '0-7-2647088', 1),
(453, 7, '0-7-6278610', 1),
(454, 7, '0-7-6334939', 1),
(455, 7, '0-7-3679148', 1),
(456, 7, '0-7-1998175', 1),
(457, 7, '0-7-501700', 1),
(458, 7, '0-7-8954200', 1),
(459, 7, '0-7-7689885', 1),
(460, 7, '0-7-8591017', 1),
(461, 7, '0-7-9197337', 1),
(462, 7, '0-7-553845', 1),
(463, 7, '0-7-9369979', 1),
(464, 7, '0-7-2655038', 1),
(465, 7, '0-7-8352512', 1),
(466, 7, '0-7-4864706', 1),
(467, 7, '0-7-6677091', 1),
(468, 7, '0-7-2212229', 1),
(469, 7, '0-7-4946070', 1),
(470, 7, '0-7-9747834', 1),
(471, 7, '0-7-9969684', 1),
(472, 7, '0-7-9818758', 1),
(473, 7, '0-7-8182179', 1),
(474, 7, '0-7-7261734', 1),
(475, 7, '0-7-8205135', 1),
(476, 7, '0-7-1736262', 1),
(477, 7, '0-7-4127179', 1),
(478, 7, '0-7-3451470', 1),
(479, 7, '0-7-7972131', 1),
(480, 7, '0-7-6668535', 1),
(481, 7, '0-7-5187710', 1),
(482, 7, '0-7-4626525', 1),
(483, 7, '0-7-3563108', 1),
(484, 7, '0-7-4280732', 1),
(485, 7, '0-7-4881024', 1),
(486, 7, '0-7-8174383', 1),
(487, 7, '0-7-1044538', 1),
(488, 7, '0-7-5666345', 1),
(489, 7, '0-7-4636285', 1),
(490, 7, '0-7-9264987', 1),
(491, 7, '0-7-2087996', 1),
(492, 7, '0-7-8953117', 1),
(493, 7, '0-7-2876667', 1),
(494, 7, '0-7-4372072', 1),
(495, 7, '0-7-9396818', 1),
(496, 7, '0-7-3339950', 1),
(497, 7, '0-7-4883635', 1),
(498, 7, '0-7-8152364', 1),
(499, 7, '0-7-1743144', 1),
(500, 7, '0-7-7477406', 1),
(501, 7, '0-7-7880140', 1),
(502, 7, '0-7-977898', 1),
(503, 7, '0-7-5145243', 1),
(504, 7, '0-7-883617', 1),
(505, 7, '0-7-8810401', 1),
(506, 7, '0-7-3912154', 1),
(507, 7, '0-7-6031186', 1),
(508, 7, '0-7-7530941', 1),
(509, 7, '0-7-3773185', 1),
(510, 7, '0-7-8199615', 1),
(511, 7, '0-7-7334215', 1),
(512, 7, '0-7-8772820', 1),
(513, 7, '0-7-8005037', 1),
(514, 7, '0-7-3041693', 1),
(515, 7, '0-7-741492', 1),
(516, 7, '0-7-4334748', 1),
(517, 7, '0-7-3582176', 1),
(518, 7, '0-7-9024384', 1),
(519, 7, '0-7-8528931', 1),
(520, 7, '0-7-956224', 1),
(521, 7, '0-7-8765053', 1),
(522, 7, '0-7-8316449', 1),
(523, 7, '0-7-274874', 1),
(524, 7, '0-7-4006771', 1),
(525, 7, '0-7-9658703', 1),
(526, 7, '0-7-4007602', 1),
(527, 7, '0-7-7167712', 1),
(528, 7, '0-7-473206', 1),
(529, 7, '0-7-9112053', 1),
(530, 7, '0-7-874902', 1),
(531, 7, '0-7-6508077', 1),
(532, 7, '0-7-6726465', 1),
(533, 7, '0-7-3782459', 1),
(534, 7, '0-7-6102628', 1),
(535, 7, '0-7-8414066', 1),
(536, 7, '0-7-2401272', 1),
(537, 7, '0-7-7449311', 1),
(538, 7, '0-7-4020857', 1),
(539, 7, '0-7-4389106', 1),
(540, 7, '0-7-5888239', 1),
(541, 7, '0-7-6154278', 1),
(542, 7, '0-7-3683216', 1),
(543, 7, '0-7-7472967', 1),
(544, 7, '0-7-4385641', 1),
(545, 7, '0-7-9755523', 1),
(546, 7, '0-7-3076826', 1),
(547, 7, '0-7-6785239', 1),
(548, 7, '0-7-1450452', 1),
(549, 7, '0-7-3980880', 1),
(550, 7, '0-7-693121', 1),
(551, 7, '0-7-4520311', 1),
(552, 7, '0-7-2150140', 1),
(553, 7, '0-7-6257164', 1),
(554, 7, '0-7-6323166', 1),
(555, 7, '0-7-2096884', 1),
(556, 7, '0-7-9106009', 1),
(557, 7, '0-7-9037508', 1),
(558, 7, '0-7-7526891', 1),
(559, 7, '0-7-1301481', 1),
(560, 7, '0-7-7436666', 1),
(561, 7, '0-7-1260650', 1),
(562, 7, '0-7-2271467', 1),
(563, 7, '0-7-9015740', 1),
(564, 7, '0-7-9135016', 1),
(565, 7, '0-7-3360737', 1),
(566, 7, '0-7-2803840', 1),
(567, 7, '0-7-1621453', 1),
(568, 7, '0-7-8049117', 1),
(569, 7, '0-7-1355115', 1),
(570, 7, '0-7-9493800', 1),
(571, 7, '0-7-2680631', 1),
(572, 7, '0-7-7388573', 1),
(573, 7, '0-7-2388992', 1),
(574, 7, '0-7-5123971', 1),
(575, 7, '0-7-5731592', 1),
(576, 7, '0-7-1026302', 1),
(577, 7, '0-7-7822863', 1),
(578, 7, '0-7-3487976', 1),
(579, 7, '0-7-9735203', 1),
(580, 7, '0-7-2118144', 1),
(581, 7, '0-7-8192314', 1),
(582, 7, '0-7-1389174', 1),
(583, 7, '0-7-901644', 1),
(584, 7, '0-7-2681056', 1),
(585, 7, '0-7-1436384', 1),
(586, 7, '0-7-8172097', 1),
(587, 7, '0-7-1169108', 1),
(588, 7, '0-7-319954', 1),
(589, 7, '0-7-6739994', 1),
(590, 7, '0-7-6650769', 1),
(591, 7, '0-7-6649118', 1),
(592, 7, '0-7-7234417', 1),
(593, 7, '0-7-4891787', 1),
(594, 7, '0-7-8775181', 1),
(595, 7, '0-7-4518875', 1),
(596, 7, '0-7-9218062', 1),
(597, 7, '0-7-4644157', 1),
(598, 7, '0-7-3598344', 1),
(599, 8, '0-8-8384957', 1),
(600, 8, '0-8-776804', 1),
(601, 8, '0-8-1976695', 1),
(602, 8, '0-8-7223729', 1),
(603, 8, '0-8-3355543', 1),
(604, 8, '0-8-9629478', 1),
(605, 8, '0-8-867170', 1),
(606, 8, '0-8-5184659', 1),
(607, 8, '0-8-6820530', 1),
(608, 8, '0-8-6784695', 1),
(609, 8, '0-8-6669860', 1),
(610, 8, '0-8-2004009', 1),
(611, 8, '0-8-6880949', 1),
(612, 8, '0-8-9067804', 1),
(613, 8, '0-8-4480547', 1),
(614, 8, '0-8-2154910', 1),
(615, 8, '0-8-3287071', 1),
(616, 8, '0-8-5040057', 1),
(617, 8, '0-8-5609887', 1),
(618, 8, '0-8-9967429', 1),
(619, 8, '0-8-5034037', 1),
(620, 8, '0-8-4098310', 1),
(621, 8, '0-8-396559', 1),
(622, 8, '0-8-6197245', 1),
(623, 8, '0-8-1215180', 1),
(624, 8, '0-8-9174015', 1),
(625, 8, '0-8-9132384', 1),
(626, 8, '0-8-2748526', 1),
(627, 8, '0-8-308168', 1),
(628, 8, '0-8-7495604', 1),
(629, 8, '0-8-4168606', 1),
(630, 8, '0-8-7091576', 1),
(631, 8, '0-8-1243471', 1),
(632, 8, '0-8-4251123', 1),
(633, 8, '0-8-8176543', 1),
(634, 8, '0-8-9650998', 1),
(635, 8, '0-8-6910744', 1),
(636, 8, '0-8-7921913', 1),
(637, 8, '0-8-6160470', 1),
(638, 8, '0-8-4087341', 1),
(639, 8, '0-8-6976105', 1),
(640, 8, '0-8-2068709', 1),
(641, 8, '0-8-3544627', 1),
(642, 8, '0-8-6991490', 1),
(643, 8, '0-8-9901529', 1),
(644, 8, '0-8-6223929', 1),
(645, 8, '0-8-3489813', 1),
(646, 8, '0-8-3423440', 1),
(647, 8, '0-8-8401625', 1),
(648, 8, '0-8-7445756', 1),
(649, 8, '0-8-4320872', 1),
(650, 8, '0-8-806220', 1),
(651, 8, '0-8-2344331', 1),
(652, 8, '0-8-9046237', 1),
(653, 8, '0-8-2716026', 1),
(654, 8, '0-8-3512812', 1),
(655, 8, '0-8-437162', 1),
(656, 8, '0-8-3451507', 1),
(657, 8, '0-8-575769', 1),
(658, 8, '0-8-3974100', 1),
(659, 8, '0-8-2238183', 1),
(660, 8, '0-8-304437', 1),
(661, 8, '0-8-5115683', 1),
(662, 8, '0-8-590344', 1),
(663, 8, '0-8-4543253', 1),
(664, 8, '0-8-8498002', 1),
(665, 8, '0-8-5683163', 1),
(666, 8, '0-8-5306772', 1),
(667, 8, '0-8-6016894', 1),
(668, 8, '0-8-9818332', 1),
(669, 8, '0-8-7971456', 1),
(670, 8, '0-8-9031232', 1),
(671, 8, '0-8-9151962', 1),
(672, 8, '0-8-7595724', 1),
(673, 8, '0-8-9063579', 1),
(674, 8, '0-8-6140311', 1),
(675, 8, '0-8-3514871', 1),
(676, 8, '0-8-9267561', 1),
(677, 8, '0-8-9068628', 1),
(678, 8, '0-8-3287652', 1),
(679, 8, '0-8-7367588', 1),
(680, 8, '0-8-9976130', 1),
(681, 8, '0-8-8483251', 0),
(682, 8, '0-8-7347208', 1),
(683, 8, '0-8-6262310', 1),
(684, 8, '0-8-9280375', 1),
(685, 8, '0-8-7580160', 1),
(686, 8, '0-8-350162', 1),
(687, 8, '0-8-5664372', 1),
(688, 8, '0-8-5387893', 1),
(689, 8, '0-8-9383033', 1),
(690, 8, '0-8-7992421', 1),
(691, 8, '0-8-5740061', 1),
(692, 8, '0-8-8737415', 1),
(693, 8, '0-8-3303566', 1),
(694, 8, '0-8-6805425', 1),
(695, 8, '0-8-8104031', 1),
(696, 8, '0-8-6255207', 1),
(697, 8, '0-8-9218531', 1),
(698, 11, '0-11-8761380', 1),
(699, 11, '0-11-8621725', 1),
(700, 11, '0-11-1105943', 1),
(701, 11, '0-11-1723845', 1),
(702, 11, '0-11-3885761', 1),
(703, 11, '0-11-6469473', 1),
(704, 11, '0-11-3281962', 1),
(705, 11, '0-11-621359', 1),
(706, 11, '0-11-3013408', 1),
(707, 11, '0-11-9397515', 1),
(708, 11, '0-11-3997056', 1),
(709, 11, '0-11-4157728', 1),
(710, 11, '0-11-6353580', 1),
(711, 11, '0-11-6811137', 1),
(712, 11, '0-11-958133', 1),
(713, 11, '0-11-552362', 1),
(714, 11, '0-11-6247178', 1),
(715, 11, '0-11-7906326', 1),
(716, 11, '0-11-1375705', 1),
(717, 11, '0-11-3743162', 1),
(718, 11, '0-11-430827', 1),
(719, 11, '0-11-7718054', 1),
(720, 11, '0-11-420021', 1),
(721, 11, '0-11-1033482', 1),
(722, 11, '0-11-6351753', 1),
(723, 11, '0-11-5958077', 1),
(724, 11, '0-11-6304585', 1),
(725, 11, '0-11-973869', 1),
(726, 11, '0-11-4936182', 1),
(727, 11, '0-11-7934529', 1),
(728, 11, '0-11-7381875', 1),
(729, 11, '0-11-4112249', 1),
(730, 11, '0-11-3191330', 1),
(731, 11, '0-11-2574275', 1),
(732, 11, '0-11-3135969', 1),
(733, 11, '0-11-8122048', 1),
(734, 11, '0-11-8153697', 1),
(735, 11, '0-11-5413584', 1),
(736, 11, '0-11-6233615', 1),
(737, 11, '0-11-2862998', 1),
(738, 11, '0-11-1876302', 1),
(739, 11, '0-11-6585981', 1),
(740, 11, '0-11-1834419', 1),
(741, 11, '0-11-2785652', 1),
(742, 11, '0-11-1569197', 1),
(743, 11, '0-11-6007247', 1),
(744, 11, '0-11-7117208', 1),
(745, 11, '0-11-4427843', 1),
(746, 11, '0-11-8016087', 1),
(747, 11, '0-11-5349416', 1),
(748, 11, '0-11-2053009', 1),
(749, 11, '0-11-1343957', 1),
(750, 11, '0-11-1971084', 1),
(751, 11, '0-11-4055513', 1),
(752, 11, '0-11-5124038', 1),
(753, 11, '0-11-4065704', 1),
(754, 11, '0-11-7602377', 1),
(755, 11, '0-11-1367068', 1),
(756, 11, '0-11-5250776', 1),
(757, 11, '0-11-7356529', 1),
(758, 11, '0-11-8519656', 1),
(759, 11, '0-11-532940', 1),
(760, 11, '0-11-2323085', 1),
(761, 11, '0-11-6444257', 1),
(762, 11, '0-11-7177140', 1),
(763, 11, '0-11-2802873', 1),
(764, 11, '0-11-7385438', 1),
(765, 11, '0-11-1298694', 1),
(766, 11, '0-11-8877515', 1),
(767, 11, '0-11-6869292', 1),
(768, 11, '0-11-598892', 1),
(769, 11, '0-11-9390612', 1),
(770, 11, '0-11-6351390', 1),
(771, 11, '0-11-3414880', 1),
(772, 11, '0-11-723521', 1),
(773, 11, '0-11-6086273', 1),
(774, 11, '0-11-9518885', 1),
(775, 11, '0-11-1891069', 1),
(776, 11, '0-11-6137553', 1),
(777, 11, '0-11-2416955', 1),
(778, 11, '0-11-191908', 1),
(779, 11, '0-11-411029', 1),
(780, 11, '0-11-2112715', 1),
(781, 11, '0-11-9304931', 1),
(782, 11, '0-11-4056226', 1),
(783, 11, '0-11-4965588', 1),
(784, 11, '0-11-2878142', 1),
(785, 11, '0-11-2296864', 1),
(786, 11, '0-11-6125816', 1),
(787, 11, '0-11-432410', 1),
(788, 11, '0-11-3907214', 1),
(789, 11, '0-11-662086', 1),
(790, 11, '0-11-4022363', 1),
(791, 11, '0-11-4494817', 1),
(792, 11, '0-11-9488461', 1),
(793, 11, '0-11-6968598', 1),
(794, 11, '0-11-9435459', 1),
(795, 11, '0-11-1604963', 1),
(796, 11, '0-11-9290469', 1),
(797, 13, '0-13-5889147', 0),
(798, 13, '0-13-2996259', 0),
(799, 13, '0-13-9118288', 0),
(800, 13, '0-13-5489018', 0),
(801, 13, '0-13-6100559', 0),
(802, 13, '0-13-9151158', 0),
(803, 13, '0-13-2888041', 0),
(804, 13, '0-13-7020885', 0),
(805, 13, '0-13-3094512', 0),
(806, 13, '0-13-377189', 0),
(807, 13, '0-13-5860991', 0),
(808, 13, '0-13-3658222', 0),
(809, 13, '0-13-1112653', 0),
(810, 13, '0-13-4365884', 0),
(811, 13, '0-13-7525107', 0),
(812, 13, '0-13-7035439', 1),
(813, 13, '0-13-4387489', 1),
(814, 13, '0-13-9796840', 1),
(815, 13, '0-13-9133969', 0),
(816, 13, '0-13-8629558', 1),
(817, 13, '0-13-6668948', 1),
(818, 13, '0-13-5024350', 1),
(819, 13, '0-13-6334527', 1),
(820, 13, '0-13-732326', 1),
(821, 13, '0-13-1177486', 1),
(822, 13, '0-13-9422379', 1),
(823, 13, '0-13-8274861', 1),
(824, 13, '0-13-7329691', 1),
(825, 13, '0-13-7123019', 1),
(826, 13, '0-13-9005313', 1),
(827, 13, '0-13-6546535', 1),
(828, 13, '0-13-3012167', 1),
(829, 13, '0-13-2001572', 1),
(830, 13, '0-13-5664824', 1),
(831, 13, '0-13-8401186', 1),
(832, 13, '0-13-8002132', 1),
(833, 13, '0-13-4815982', 1),
(834, 13, '0-13-1289228', 1),
(835, 13, '0-13-5023018', 1),
(836, 13, '0-13-7810495', 1),
(837, 13, '0-13-1566419', 1),
(838, 13, '0-13-884010', 1),
(839, 13, '0-13-1468718', 1),
(840, 13, '0-13-2579073', 1),
(841, 13, '0-13-5149895', 1),
(842, 13, '0-13-8893826', 1),
(843, 13, '0-13-9514514', 1),
(844, 13, '0-13-9437386', 1),
(845, 13, '0-13-8690667', 1),
(846, 13, '0-13-8648484', 1),
(847, 13, '0-13-8066944', 1),
(848, 13, '0-13-5359615', 1),
(849, 13, '0-13-3672835', 1),
(850, 13, '0-13-4401472', 1),
(851, 13, '0-13-5991942', 1),
(852, 13, '0-13-4750323', 1),
(853, 13, '0-13-3823851', 1),
(854, 13, '0-13-4266804', 1),
(855, 13, '0-13-2080014', 1),
(856, 13, '0-13-946871', 1),
(857, 13, '0-13-3272117', 1),
(858, 13, '0-13-8526550', 1),
(859, 13, '0-13-3859039', 1),
(860, 13, '0-13-5173691', 1),
(861, 13, '0-13-4191374', 1),
(862, 13, '0-13-2260225', 1),
(863, 13, '0-13-3175824', 1),
(864, 13, '0-13-8907358', 1),
(865, 13, '0-13-3449454', 1),
(866, 13, '0-13-8098843', 1),
(867, 13, '0-13-6717854', 1),
(868, 13, '0-13-4915874', 1),
(869, 13, '0-13-8882854', 1),
(870, 13, '0-13-8086574', 1),
(871, 13, '0-13-7394949', 1),
(872, 13, '0-13-4032749', 1),
(873, 13, '0-13-6980401', 1),
(874, 13, '0-13-6909464', 1),
(875, 13, '0-13-3470135', 1),
(876, 13, '0-13-5671068', 0),
(877, 13, '0-13-5557948', 0),
(878, 13, '0-13-1537080', 0),
(879, 13, '0-13-1030683', 1),
(880, 13, '0-13-9130784', 1),
(881, 13, '0-13-5838553', 1),
(882, 13, '0-13-6922626', 1),
(883, 13, '0-13-3881107', 1),
(884, 13, '0-13-9562406', 0),
(885, 13, '0-13-1189431', 1),
(886, 13, '0-13-5861123', 1),
(887, 13, '0-13-509277', 1),
(888, 13, '0-13-4361549', 1),
(889, 13, '0-13-4387673', 1),
(890, 13, '0-13-4268317', 1),
(891, 13, '0-13-9435242', 1),
(892, 13, '0-13-8479049', 1),
(893, 13, '0-13-6428543', 1),
(894, 13, '0-13-2611066', 1),
(895, 13, '0-13-7386408', 1),
(896, 14, '0-14-691362', 0),
(897, 14, '0-14-1551357', 0),
(898, 14, '0-14-1271134', 1),
(899, 14, '0-14-3620427', 1),
(900, 14, '0-14-4143065', 1),
(901, 14, '0-14-3269246', 1),
(902, 14, '0-14-5348578', 1),
(903, 14, '0-14-9674630', 1),
(904, 14, '0-14-9727396', 1),
(905, 14, '0-14-7361540', 1),
(906, 14, '0-14-119754', 1),
(907, 14, '0-14-9888271', 1),
(908, 14, '0-14-6956158', 1),
(909, 14, '0-14-3875994', 1),
(910, 14, '0-14-2011151', 1),
(911, 14, '0-14-5724629', 1),
(912, 14, '0-14-4808328', 1),
(913, 14, '0-14-5812963', 1),
(914, 14, '0-14-9408898', 1),
(915, 14, '0-14-5155826', 1),
(916, 14, '0-14-4648718', 1),
(917, 14, '0-14-1234527', 1),
(918, 14, '0-14-956510', 1),
(919, 14, '0-14-3765506', 1),
(920, 14, '0-14-9822757', 1),
(921, 14, '0-14-257848', 1),
(922, 14, '0-14-1179878', 1),
(923, 14, '0-14-5592597', 1),
(924, 14, '0-14-6865976', 1),
(925, 14, '0-14-7011916', 1),
(926, 14, '0-14-8409915', 1),
(927, 14, '0-14-8978296', 1),
(928, 14, '0-14-786191', 1),
(929, 14, '0-14-9006205', 1),
(930, 14, '0-14-1076245', 1),
(931, 14, '0-14-6385590', 1),
(932, 14, '0-14-236771', 1),
(933, 14, '0-14-8045710', 1),
(934, 14, '0-14-4877413', 1),
(935, 14, '0-14-9278986', 1),
(936, 14, '0-14-6160003', 1),
(937, 14, '0-14-7609952', 1),
(938, 14, '0-14-7526357', 1),
(939, 14, '0-14-1102351', 1),
(940, 14, '0-14-4078634', 1),
(941, 14, '0-14-6860042', 1),
(942, 14, '0-14-2003158', 1),
(943, 14, '0-14-7964220', 1),
(944, 14, '0-14-6555278', 1),
(945, 14, '0-14-8779040', 1),
(946, 14, '0-14-5233112', 1),
(947, 14, '0-14-997548', 1),
(948, 14, '0-14-8421479', 1),
(949, 14, '0-14-9009740', 1),
(950, 14, '0-14-9356158', 1),
(951, 14, '0-14-1076243', 1),
(952, 14, '0-14-9794059', 1),
(953, 14, '0-14-869781', 1),
(954, 14, '0-14-1072548', 1),
(955, 14, '0-14-357101', 1),
(956, 14, '0-14-2640281', 1),
(957, 14, '0-14-6409387', 1),
(958, 14, '0-14-2319376', 1),
(959, 14, '0-14-3512990', 1),
(960, 14, '0-14-9213207', 1),
(961, 14, '0-14-4682094', 1),
(962, 14, '0-14-9870541', 1),
(963, 14, '0-14-346524', 1),
(964, 14, '0-14-8755729', 1),
(965, 14, '0-14-9332765', 1),
(966, 14, '0-14-5641295', 1),
(967, 14, '0-14-934217', 1),
(968, 14, '0-14-5946084', 1),
(969, 14, '0-14-9313752', 1),
(970, 14, '0-14-9846838', 1),
(971, 14, '0-14-9309525', 1),
(972, 14, '0-14-3705516', 1),
(973, 14, '0-14-5223401', 1),
(974, 14, '0-14-8833390', 1),
(975, 14, '0-14-5207423', 1),
(976, 14, '0-14-6173196', 1),
(977, 14, '0-14-6289771', 1),
(978, 14, '0-14-1021251', 1),
(979, 14, '0-14-7902141', 1),
(980, 14, '0-14-4872228', 1),
(981, 14, '0-14-243312', 1),
(982, 14, '0-14-7561039', 1),
(983, 14, '0-14-4705303', 1),
(984, 14, '0-14-3055156', 1),
(985, 14, '0-14-7358318', 1),
(986, 14, '0-14-5673496', 1),
(987, 14, '0-14-8832795', 1),
(988, 14, '0-14-4467167', 1),
(989, 14, '0-14-7543594', 1),
(990, 14, '0-14-6994554', 1),
(991, 14, '0-14-9272036', 1),
(992, 14, '0-14-1993990', 1),
(993, 14, '0-14-2674431', 1),
(994, 14, '0-14-3892614', 1),
(995, 16, '0-16-8229081', 0),
(996, 16, '0-16-9696466', 0),
(997, 16, '0-16-6352858', 0),
(998, 16, '0-16-9023461', 0),
(999, 16, '0-16-6765310', 0),
(1000, 16, '0-16-8702555', 1),
(1001, 16, '0-16-3524578', 1),
(1002, 16, '0-16-7866076', 1),
(1003, 16, '0-16-3715320', 1),
(1004, 16, '0-16-9103799', 1),
(1005, 16, '0-16-265910', 1),
(1006, 16, '0-16-7530718', 1),
(1007, 16, '0-16-4240153', 1),
(1008, 16, '0-16-7725377', 1),
(1009, 16, '0-16-6937067', 1),
(1010, 16, '0-16-9410181', 1),
(1011, 16, '0-16-6537228', 1),
(1012, 16, '0-16-9998754', 1),
(1013, 16, '0-16-7397174', 1),
(1014, 16, '0-16-2322921', 1),
(1015, 16, '0-16-8361762', 1),
(1016, 16, '0-16-6578548', 1),
(1017, 16, '0-16-1532758', 1),
(1018, 16, '0-16-8108279', 1),
(1019, 16, '0-16-9695994', 1),
(1020, 16, '0-16-4779250', 1),
(1021, 16, '0-16-8358458', 1),
(1022, 16, '0-16-9643500', 1),
(1023, 16, '0-16-2287580', 1),
(1024, 16, '0-16-1051833', 1),
(1025, 16, '0-16-1299027', 1),
(1026, 16, '0-16-516661', 1),
(1027, 16, '0-16-748299', 1),
(1028, 16, '0-16-7551886', 1),
(1029, 16, '0-16-9440124', 1),
(1030, 16, '0-16-7413611', 1),
(1031, 16, '0-16-6254442', 1),
(1032, 16, '0-16-2964703', 1),
(1033, 16, '0-16-5279688', 1),
(1034, 16, '0-16-9869763', 1),
(1035, 16, '0-16-2068503', 1),
(1036, 16, '0-16-5445600', 1),
(1037, 16, '0-16-7400481', 1),
(1038, 16, '0-16-6208657', 1),
(1039, 16, '0-16-3170977', 1),
(1040, 16, '0-16-4337549', 1),
(1041, 16, '0-16-5618839', 1),
(1042, 16, '0-16-9608206', 1),
(1043, 16, '0-16-4336303', 1),
(1044, 16, '0-16-3016014', 1),
(1045, 16, '0-16-1931128', 1),
(1046, 16, '0-16-2698066', 1),
(1047, 16, '0-16-9494563', 1),
(1048, 16, '0-16-3363887', 1),
(1049, 16, '0-16-806346', 1),
(1050, 16, '0-16-9190558', 1),
(1051, 16, '0-16-8043138', 1),
(1052, 16, '0-16-9064805', 1),
(1053, 16, '0-16-8834058', 1),
(1054, 16, '0-16-330719', 1),
(1055, 16, '0-16-116638', 1),
(1056, 16, '0-16-133086', 1),
(1057, 16, '0-16-747382', 1),
(1058, 16, '0-16-764939', 1),
(1059, 16, '0-16-7584973', 1),
(1060, 16, '0-16-187506', 1),
(1061, 16, '0-16-8078551', 1),
(1062, 16, '0-16-3839416', 1),
(1063, 16, '0-16-3052210', 1),
(1064, 16, '0-16-3358239', 1),
(1065, 16, '0-16-3709179', 1),
(1066, 16, '0-16-5020714', 1),
(1067, 16, '0-16-8703841', 1),
(1068, 16, '0-16-1109661', 1),
(1069, 16, '0-16-1229372', 1),
(1070, 16, '0-16-1874818', 1),
(1071, 16, '0-16-5347211', 1),
(1072, 16, '0-16-6748212', 1),
(1073, 16, '0-16-1483025', 1),
(1074, 16, '0-16-9583515', 1),
(1075, 16, '0-16-9664228', 1),
(1076, 16, '0-16-3314154', 1),
(1077, 16, '0-16-2281582', 1),
(1078, 16, '0-16-9158791', 1),
(1079, 16, '0-16-6578043', 1),
(1080, 16, '0-16-2987929', 1),
(1081, 16, '0-16-8349349', 1),
(1082, 16, '0-16-4621182', 1),
(1083, 16, '0-16-2052734', 1),
(1084, 16, '0-16-7183408', 1),
(1085, 16, '0-16-4851903', 1),
(1086, 16, '0-16-2069373', 1),
(1087, 16, '0-16-7216495', 1),
(1088, 16, '0-16-5499286', 1),
(1089, 16, '0-16-2734313', 1),
(1090, 16, '0-16-4801469', 1),
(1091, 16, '0-16-5586793', 1),
(1092, 16, '0-16-812865', 1),
(1093, 16, '0-16-8540887', 1),
(1094, 15, '0-15-9035781', 0),
(1095, 15, '0-15-3908290', 0),
(1096, 15, '0-15-9670900', 1),
(1097, 15, '0-15-133974', 1),
(1098, 15, '0-15-7697246', 1),
(1099, 15, '0-15-524816', 1),
(1100, 15, '0-15-4624966', 1),
(1101, 15, '0-15-5833943', 1),
(1102, 15, '0-15-9374918', 1),
(1103, 15, '0-15-7573519', 1),
(1104, 15, '0-15-8754636', 1),
(1105, 15, '0-15-9066091', 1),
(1106, 15, '0-15-6321265', 1),
(1107, 15, '0-15-5479240', 1),
(1108, 15, '0-15-4690964', 1),
(1109, 15, '0-15-4990508', 1),
(1110, 15, '0-15-9295304', 1),
(1111, 15, '0-15-4910142', 1),
(1112, 15, '0-15-8151239', 1),
(1113, 15, '0-15-9854745', 1),
(1114, 15, '0-15-187458', 1),
(1115, 15, '0-15-9213613', 1),
(1116, 15, '0-15-2707983', 1),
(1117, 15, '0-15-843606', 1),
(1118, 15, '0-15-4627922', 1),
(1119, 15, '0-15-7068728', 1),
(1120, 15, '0-15-7453147', 1),
(1121, 15, '0-15-9458785', 1),
(1122, 15, '0-15-5895117', 1),
(1123, 15, '0-15-1359375', 1),
(1124, 15, '0-15-6651220', 1),
(1125, 15, '0-15-4930898', 1),
(1126, 15, '0-15-5167666', 1),
(1127, 15, '0-15-6322120', 1),
(1128, 15, '0-15-4964873', 1),
(1129, 15, '0-15-2864913', 1),
(1130, 15, '0-15-6746938', 1),
(1131, 15, '0-15-9489841', 1),
(1132, 15, '0-15-8598857', 1),
(1133, 15, '0-15-6121857', 1),
(1134, 15, '0-15-7063360', 1),
(1135, 15, '0-15-7353494', 1),
(1136, 15, '0-15-5187949', 1),
(1137, 15, '0-15-3384625', 1),
(1138, 15, '0-15-2832734', 1),
(1139, 15, '0-15-9778914', 1),
(1140, 15, '0-15-8275135', 1),
(1141, 15, '0-15-2128038', 1),
(1142, 15, '0-15-4689057', 1),
(1143, 15, '0-15-6426374', 1),
(1144, 15, '0-15-1982784', 1),
(1145, 15, '0-15-4776517', 1),
(1146, 15, '0-15-5639987', 1),
(1147, 15, '0-15-4590769', 1),
(1148, 15, '0-15-5520124', 1),
(1149, 15, '0-15-267910', 1),
(1150, 15, '0-15-1659498', 1),
(1151, 15, '0-15-2973272', 1),
(1152, 15, '0-15-9626696', 1),
(1153, 15, '0-15-7454616', 1),
(1154, 15, '0-15-4232648', 1),
(1155, 15, '0-15-6277917', 1),
(1156, 15, '0-15-2385515', 1),
(1157, 15, '0-15-9300316', 1),
(1158, 15, '0-15-2600037', 1),
(1159, 15, '0-15-7250390', 1),
(1160, 15, '0-15-2165229', 1),
(1161, 15, '0-15-9246977', 1),
(1162, 15, '0-15-6740231', 1),
(1163, 15, '0-15-764086', 1),
(1164, 15, '0-15-5368835', 1),
(1165, 15, '0-15-3803591', 1),
(1166, 15, '0-15-8017581', 1),
(1167, 15, '0-15-556784', 1),
(1168, 15, '0-15-7088218', 1),
(1169, 15, '0-15-850316', 1),
(1170, 15, '0-15-335699', 1),
(1171, 15, '0-15-5363353', 1),
(1172, 15, '0-15-2878355', 1),
(1173, 15, '0-15-4924758', 1),
(1174, 15, '0-15-1789727', 1),
(1175, 15, '0-15-4761141', 1),
(1176, 15, '0-15-9601276', 1),
(1177, 15, '0-15-7329716', 1),
(1178, 15, '0-15-9251911', 1),
(1179, 15, '0-15-5121401', 1),
(1180, 15, '0-15-7497627', 1),
(1181, 15, '0-15-911410', 1),
(1182, 15, '0-15-7994674', 1),
(1183, 15, '0-15-7124324', 1),
(1184, 15, '0-15-8266027', 1),
(1185, 15, '0-15-2227323', 1),
(1186, 15, '0-15-3402241', 1),
(1187, 15, '0-15-651543', 1),
(1188, 15, '0-15-1527640', 1),
(1189, 15, '0-15-5902280', 1),
(1190, 15, '0-15-7801934', 1),
(1191, 15, '0-15-3592870', 1),
(1192, 15, '0-15-5149257', 1),
(1193, 14, '0-14-9934519', 1),
(1194, 14, '0-14-6301817', 1),
(1195, 14, '0-14-5350503', 1),
(1196, 14, '0-14-5468613', 1),
(1197, 14, '0-14-4335696', 1),
(1198, 14, '0-14-6745196', 1),
(1199, 14, '0-14-4120941', 1),
(1200, 14, '0-14-5666875', 1),
(1201, 14, '0-14-8375040', 1),
(1202, 14, '0-14-5526027', 1),
(1203, 14, '0-14-9665814', 1),
(1204, 14, '0-14-7814687', 1),
(1205, 14, '0-14-4550443', 1),
(1206, 14, '0-14-5383495', 1),
(1207, 14, '0-14-9747069', 1),
(1208, 14, '0-14-6839384', 1),
(1209, 14, '0-14-8854084', 1),
(1210, 14, '0-14-6155487', 1),
(1211, 14, '0-14-2542937', 1),
(1212, 14, '0-14-2580139', 1),
(1213, 14, '0-14-947508', 1),
(1214, 14, '0-14-2061049', 1),
(1215, 14, '0-14-7602581', 1),
(1216, 14, '0-14-3870805', 1),
(1217, 14, '0-14-9208935', 1),
(1218, 14, '0-14-8973058', 1),
(1219, 14, '0-14-3799039', 1),
(1220, 14, '0-14-3239040', 1),
(1221, 14, '0-14-7112799', 1),
(1222, 14, '0-14-8943186', 1),
(1223, 14, '0-14-9949577', 1),
(1224, 14, '0-14-7047319', 1),
(1225, 14, '0-14-5245003', 1),
(1226, 14, '0-14-5300080', 1),
(1227, 14, '0-14-2515933', 1),
(1228, 14, '0-14-9480700', 1),
(1229, 14, '0-14-2045276', 1),
(1230, 14, '0-14-6536875', 1),
(1231, 14, '0-14-5147576', 1),
(1232, 14, '0-14-420317', 1),
(1233, 14, '0-14-2062903', 1),
(1234, 14, '0-14-4813391', 1),
(1235, 14, '0-14-8135005', 1),
(1236, 14, '0-14-6513347', 1),
(1237, 14, '0-14-196886', 1),
(1238, 14, '0-14-7882074', 1),
(1239, 14, '0-14-3352731', 1),
(1240, 14, '0-14-8950971', 1),
(1241, 14, '0-14-4037562', 1),
(1242, 14, '0-14-5795670', 1),
(1243, 14, '0-14-1531111', 1),
(1244, 14, '0-14-4885072', 1),
(1245, 14, '0-14-7756721', 1),
(1246, 14, '0-14-9033693', 1),
(1247, 14, '0-14-8655878', 1),
(1248, 14, '0-14-6965656', 1),
(1249, 14, '0-14-8006752', 1),
(1250, 14, '0-14-2454918', 1),
(1251, 14, '0-14-204697', 1),
(1252, 14, '0-14-5119552', 1),
(1253, 14, '0-14-1398104', 1),
(1254, 14, '0-14-154274', 1),
(1255, 14, '0-14-2166871', 1),
(1256, 14, '0-14-6543108', 1),
(1257, 14, '0-14-5354356', 1),
(1258, 14, '0-14-4582805', 1),
(1259, 14, '0-14-6023809', 1),
(1260, 14, '0-14-7299633', 1),
(1261, 14, '0-14-1119681', 1),
(1262, 14, '0-14-1171386', 1),
(1263, 14, '0-14-7619951', 1),
(1264, 14, '0-14-3082585', 1),
(1265, 14, '0-14-5884778', 1),
(1266, 14, '0-14-5754956', 1),
(1267, 14, '0-14-9495934', 1),
(1268, 14, '0-14-5981665', 1),
(1269, 14, '0-14-3637031', 1),
(1270, 14, '0-14-2848666', 1),
(1271, 14, '0-14-4932637', 1),
(1272, 14, '0-14-7574595', 1),
(1273, 14, '0-14-8544337', 1),
(1274, 14, '0-14-6363750', 1),
(1275, 14, '0-14-2459667', 1),
(1276, 14, '0-14-6301059', 1),
(1277, 14, '0-14-5397444', 1),
(1278, 14, '0-14-1115546', 1),
(1279, 14, '0-14-3266716', 1),
(1280, 14, '0-14-3404197', 1),
(1281, 14, '0-14-3470465', 1),
(1282, 14, '0-14-3371414', 1),
(1283, 14, '0-14-8423750', 1),
(1284, 14, '0-14-4768570', 1),
(1285, 14, '0-14-3425690', 1),
(1286, 14, '0-14-590622', 1),
(1287, 14, '0-14-1311678', 1),
(1288, 14, '0-14-8680047', 1),
(1289, 14, '0-14-5073429', 1),
(1290, 14, '0-14-7235488', 1),
(1291, 14, '0-14-5979681', 1),
(1292, 14, '0-14-7642753', 1),
(1293, 14, '0-14-234359', 1),
(1294, 14, '0-14-9215873', 1),
(1295, 14, '0-14-6025974', 1),
(1296, 14, '0-14-6041229', 1),
(1297, 14, '0-14-7814096', 1),
(1298, 14, '0-14-5073555', 1),
(1299, 14, '0-14-4802468', 1),
(1300, 14, '0-14-6795517', 1),
(1301, 14, '0-14-2356248', 1),
(1302, 14, '0-14-4401149', 1),
(1303, 14, '0-14-7740143', 1),
(1304, 14, '0-14-4764894', 1),
(1305, 14, '0-14-1827431', 1),
(1306, 14, '0-14-5593678', 1),
(1307, 14, '0-14-5491509', 1),
(1308, 14, '0-14-119032', 1),
(1309, 14, '0-14-5181266', 1),
(1310, 14, '0-14-7097752', 1),
(1311, 14, '0-14-6108377', 1),
(1312, 14, '0-14-4728263', 1),
(1313, 14, '0-14-8858244', 1),
(1314, 14, '0-14-2332049', 1),
(1315, 14, '0-14-338582', 1),
(1316, 14, '0-14-7533488', 1),
(1317, 14, '0-14-9023944', 1),
(1318, 14, '0-14-908792', 1),
(1319, 14, '0-14-7883249', 1),
(1320, 14, '0-14-9058032', 1),
(1321, 14, '0-14-3948881', 1),
(1322, 14, '0-14-2974274', 1),
(1323, 14, '0-14-6700786', 1),
(1324, 14, '0-14-4083242', 1),
(1325, 14, '0-14-2190148', 1),
(1326, 14, '0-14-2726761', 1),
(1327, 14, '0-14-124471', 0),
(1328, 14, '0-14-9904246', 1),
(1329, 14, '0-14-7700318', 1),
(1330, 14, '0-14-4826941', 1),
(1331, 14, '0-14-6699763', 1),
(1332, 14, '0-14-9956567', 1),
(1333, 14, '0-14-9128091', 1),
(1334, 14, '0-14-4439907', 1),
(1335, 14, '0-14-4721461', 1),
(1336, 14, '0-14-955523', 1),
(1337, 14, '0-14-9933586', 1),
(1338, 14, '0-14-212971', 1),
(1339, 14, '0-14-974556', 0),
(1340, 14, '0-14-5114852', 1),
(1341, 14, '0-14-7210724', 1),
(1342, 14, '0-14-6982935', 1),
(1343, 14, '0-14-9743116', 1),
(1344, 14, '0-14-6068968', 1),
(1345, 14, '0-14-9214986', 1),
(1346, 14, '0-14-9981700', 0),
(1347, 14, '0-14-3602456', 1),
(1348, 14, '0-14-8238931', 1),
(1349, 14, '0-14-890492', 1),
(1350, 14, '0-14-1485706', 1),
(1351, 14, '0-14-7296964', 1),
(1352, 14, '0-14-4739375', 1),
(1353, 14, '0-14-4359982', 1),
(1354, 14, '0-14-3997750', 1),
(1355, 14, '0-14-8722618', 1),
(1356, 14, '0-14-6450132', 1),
(1357, 14, '0-14-6624513', 1),
(1358, 14, '0-14-8747091', 1),
(1359, 14, '0-14-6354378', 1),
(1360, 14, '0-14-4324831', 1),
(1361, 14, '0-14-3574032', 1),
(1362, 14, '0-14-3054141', 1),
(1363, 14, '0-14-4281398', 1),
(1364, 14, '0-14-2702124', 1),
(1365, 14, '0-14-7394049', 1),
(1366, 14, '0-14-8902861', 1),
(1367, 14, '0-14-3557648', 1),
(1368, 14, '0-14-7327635', 1),
(1369, 14, '0-14-9015833', 1),
(1370, 14, '0-14-4432205', 1),
(1371, 14, '0-14-2442488', 1),
(1372, 14, '0-14-6226558', 1),
(1373, 14, '0-14-1415141', 1),
(1374, 14, '0-14-2185604', 1),
(1375, 14, '0-14-2295526', 1),
(1376, 14, '0-14-630127', 1),
(1377, 14, '0-14-2167304', 1),
(1378, 14, '0-14-5797984', 1),
(1379, 14, '0-14-8769059', 1),
(1380, 14, '0-14-2957798', 1),
(1381, 14, '0-14-7183691', 1),
(1382, 14, '0-14-6066023', 1),
(1383, 14, '0-14-7597174', 1),
(1384, 14, '0-14-1543673', 1),
(1385, 14, '0-14-9963775', 1),
(1386, 14, '0-14-6319792', 1),
(1387, 14, '0-14-7893806', 1),
(1388, 14, '0-14-6588289', 1),
(1389, 14, '0-14-5066884', 1),
(1390, 14, '0-14-4248185', 1),
(1391, 14, '0-14-913120', 1),
(1392, 14, '0-14-8540917', 1),
(1393, 14, '0-14-7202327', 1),
(1394, 14, '0-14-5094520', 1),
(1395, 14, '0-14-1243041', 1),
(1396, 14, '0-14-4596377', 1),
(1397, 14, '0-14-3997381', 1),
(1398, 14, '0-14-4700690', 1),
(1399, 14, '0-14-1924012', 1),
(1400, 14, '0-14-3013215', 1),
(1401, 14, '0-14-9032897', 1),
(1402, 14, '0-14-4266502', 1),
(1403, 14, '0-14-9139774', 1),
(1404, 14, '0-14-448039', 1),
(1405, 14, '0-14-6352108', 1),
(1406, 14, '0-14-1435301', 1),
(1407, 14, '0-14-978168', 1),
(1408, 14, '0-14-8419414', 1),
(1409, 14, '0-14-7133286', 1),
(1410, 14, '0-14-9647229', 1),
(1411, 14, '0-14-1377212', 1),
(1412, 14, '0-14-4316978', 1),
(1413, 14, '0-14-5713253', 1),
(1414, 14, '0-14-8874387', 1),
(1415, 14, '0-14-5760653', 1),
(1416, 14, '0-14-5677029', 1),
(1417, 14, '0-14-5194180', 1),
(1418, 14, '0-14-3654460', 1),
(1419, 14, '0-14-2265318', 1),
(1420, 14, '0-14-261064', 1),
(1421, 14, '0-14-7802646', 1),
(1422, 14, '0-14-3078440', 1),
(1423, 14, '0-14-8701983', 1),
(1424, 14, '0-14-5004974', 1),
(1425, 14, '0-14-8072962', 1),
(1426, 14, '0-14-9845025', 1),
(1427, 14, '0-14-9501352', 1),
(1428, 14, '0-14-2070344', 1),
(1429, 14, '0-14-4545716', 1),
(1430, 14, '0-14-1425365', 1),
(1431, 14, '0-14-4983560', 1),
(1432, 14, '0-14-3578614', 1),
(1433, 14, '0-14-5591868', 1),
(1434, 14, '0-14-4123335', 1),
(1435, 14, '0-14-3926654', 1),
(1436, 14, '0-14-1943976', 1),
(1437, 14, '0-14-5458637', 1),
(1438, 14, '0-14-4804824', 1),
(1439, 14, '0-14-363390', 1),
(1440, 14, '0-14-2591924', 1),
(1441, 14, '0-14-4452053', 1),
(1442, 14, '0-14-1640604', 1),
(1443, 14, '0-14-6808904', 1),
(1444, 14, '0-14-165306', 1),
(1445, 14, '0-14-514992', 1),
(1446, 14, '0-14-2569557', 1),
(1447, 14, '0-14-5742336', 1),
(1448, 14, '0-14-5609173', 1),
(1449, 14, '0-14-6124019', 1),
(1450, 14, '0-14-7907656', 1),
(1451, 14, '0-14-5770239', 1),
(1452, 14, '0-14-3926665', 1),
(1453, 14, '0-14-986096', 1),
(1454, 14, '0-14-4472222', 1),
(1455, 14, '0-14-8831641', 1),
(1456, 14, '0-14-8959059', 1),
(1457, 14, '0-14-4317248', 1),
(1458, 14, '0-14-8332993', 1),
(1459, 14, '0-14-1029403', 1),
(1460, 14, '0-14-8762966', 1),
(1461, 14, '0-14-9658360', 1),
(1462, 14, '0-14-5912965', 1),
(1463, 14, '0-14-2341580', 1),
(1464, 14, '0-14-5250228', 1),
(1465, 14, '0-14-9936301', 1),
(1466, 14, '0-14-6168236', 1),
(1467, 14, '0-14-7094206', 1),
(1468, 14, '0-14-5394939', 1),
(1469, 14, '0-14-973060', 1),
(1470, 14, '0-14-7357598', 1),
(1471, 14, '0-14-7886864', 1),
(1472, 14, '0-14-5325114', 1),
(1473, 14, '0-14-8898203', 1),
(1474, 14, '0-14-4695769', 1),
(1475, 14, '0-14-5390422', 1),
(1476, 14, '0-14-9313196', 1),
(1477, 14, '0-14-7165328', 1),
(1478, 14, '0-14-1132758', 1),
(1479, 14, '0-14-4922370', 1),
(1480, 14, '0-14-3289347', 1),
(1481, 14, '0-14-8940415', 1),
(1482, 14, '0-14-692610', 1),
(1483, 14, '0-14-7116014', 1),
(1484, 14, '0-14-9826513', 1),
(1485, 14, '0-14-5064833', 1),
(1486, 14, '0-14-5947655', 1),
(1487, 14, '0-14-8785572', 1),
(1488, 14, '0-14-9282083', 1),
(1489, 14, '0-14-4280649', 1),
(1490, 16, '0-16-3674786', 1),
(1491, 16, '0-16-1682027', 1),
(1492, 16, '0-16-3824119', 1),
(1493, 16, '0-16-6586283', 1),
(1494, 16, '0-16-8734254', 1),
(1495, 16, '0-16-5771081', 1),
(1496, 16, '0-16-2823179', 1),
(1497, 16, '0-16-6773318', 1),
(1498, 16, '0-16-8074334', 1),
(1499, 16, '0-16-3399897', 1),
(1500, 16, '0-16-7407948', 1),
(1501, 16, '0-16-4276343', 1),
(1502, 16, '0-16-7380533', 1),
(1503, 16, '0-16-6730972', 1),
(1504, 16, '0-16-9111021', 1),
(1505, 16, '0-16-4630078', 1),
(1506, 16, '0-16-3039457', 1),
(1507, 16, '0-16-1901946', 1),
(1508, 16, '0-16-8287672', 1),
(1509, 16, '0-16-9693402', 1),
(1510, 16, '0-16-1570770', 1),
(1511, 16, '0-16-8613175', 1),
(1512, 16, '0-16-3782260', 1),
(1513, 16, '0-16-7662842', 1),
(1514, 16, '0-16-3472922', 1),
(1515, 16, '0-16-8144368', 1),
(1516, 16, '0-16-1126309', 1),
(1517, 16, '0-16-6621979', 1),
(1518, 16, '0-16-9264461', 1),
(1519, 16, '0-16-423708', 1),
(1520, 16, '0-16-3744943', 1),
(1521, 16, '0-16-2939248', 1),
(1522, 16, '0-16-2005737', 1),
(1523, 16, '0-16-7469063', 1),
(1524, 16, '0-16-9425532', 1),
(1525, 16, '0-16-739991', 1),
(1526, 16, '0-16-3240145', 1),
(1527, 16, '0-16-2248711', 1),
(1528, 16, '0-16-7413311', 1),
(1529, 16, '0-16-1314479', 1),
(1530, 16, '0-16-5548609', 1),
(1531, 16, '0-16-4821259', 1),
(1532, 16, '0-16-5490824', 1),
(1533, 16, '0-16-2929142', 1),
(1534, 16, '0-16-1552232', 1),
(1535, 16, '0-16-4601846', 1),
(1536, 16, '0-16-7459222', 1),
(1537, 16, '0-16-4491690', 1),
(1538, 16, '0-16-6403793', 1),
(1539, 16, '0-16-5746894', 1),
(1540, 16, '0-16-4185093', 1),
(1541, 16, '0-16-7874564', 1),
(1542, 16, '0-16-4360070', 1),
(1543, 16, '0-16-7867354', 1),
(1544, 16, '0-16-5537407', 1),
(1545, 16, '0-16-7732993', 1),
(1546, 16, '0-16-6011723', 1),
(1547, 16, '0-16-6563717', 1),
(1548, 16, '0-16-4354972', 1),
(1549, 16, '0-16-5276185', 1),
(1550, 16, '0-16-6887426', 1),
(1551, 16, '0-16-7999917', 1),
(1552, 16, '0-16-8115435', 1),
(1553, 16, '0-16-8793165', 1),
(1554, 16, '0-16-5468981', 1),
(1555, 16, '0-16-7540967', 1),
(1556, 16, '0-16-9433158', 1),
(1557, 16, '0-16-8609127', 1),
(1558, 16, '0-16-9689680', 1),
(1559, 16, '0-16-6846469', 1),
(1560, 16, '0-16-9823608', 1),
(1561, 16, '0-16-5238289', 1),
(1562, 16, '0-16-1667728', 1),
(1563, 16, '0-16-5314433', 1),
(1564, 16, '0-16-8067433', 1),
(1565, 16, '0-16-3119962', 1),
(1566, 16, '0-16-9816280', 1),
(1567, 16, '0-16-5526656', 1),
(1568, 16, '0-16-7511653', 1),
(1569, 16, '0-16-6220074', 1),
(1570, 16, '0-16-1273550', 1),
(1571, 16, '0-16-1696747', 1),
(1572, 16, '0-16-4094639', 1),
(1573, 16, '0-16-5533622', 1),
(1574, 16, '0-16-9464103', 1),
(1575, 16, '0-16-9532047', 1),
(1576, 16, '0-16-3266615', 1),
(1577, 16, '0-16-5475827', 1),
(1578, 16, '0-16-6095764', 1),
(1579, 16, '0-16-7521589', 1),
(1580, 16, '0-16-752013', 1),
(1581, 16, '0-16-2983191', 1),
(1582, 16, '0-16-5521506', 1),
(1583, 16, '0-16-8767449', 1),
(1584, 16, '0-16-1776356', 1),
(1585, 16, '0-16-990487', 1),
(1586, 16, '0-16-6308416', 1),
(1587, 16, '0-16-1209514', 1),
(1588, 16, '0-16-9499616', 1),
(1589, 13, '0-13-6851712', 1),
(1590, 13, '0-13-9270502', 1),
(1591, 13, '0-13-9153440', 1),
(1592, 13, '0-13-5511948', 1),
(1593, 13, '0-13-3198288', 1),
(1594, 13, '0-13-7646282', 1),
(1595, 13, '0-13-9787943', 1),
(1596, 13, '0-13-8309645', 1),
(1597, 13, '0-13-243932', 1),
(1598, 13, '0-13-2029724', 1),
(1599, 13, '0-13-6040336', 1),
(1600, 13, '0-13-3475729', 1),
(1601, 13, '0-13-2706679', 1),
(1602, 13, '0-13-8563438', 1),
(1603, 13, '0-13-1817041', 1),
(1604, 13, '0-13-3722209', 1),
(1605, 13, '0-13-5326106', 1),
(1606, 13, '0-13-7186806', 1),
(1607, 13, '0-13-353429', 1),
(1608, 13, '0-13-7090086', 1),
(1609, 13, '0-13-6770612', 1),
(1610, 13, '0-13-1862303', 1),
(1611, 13, '0-13-3688841', 1),
(1612, 13, '0-13-121339', 1),
(1613, 13, '0-13-180391', 1),
(1614, 13, '0-13-1454896', 1),
(1615, 13, '0-13-9989619', 1),
(1616, 13, '0-13-9891374', 1),
(1617, 13, '0-13-2098827', 1),
(1618, 13, '0-13-2079627', 1),
(1619, 13, '0-13-6206946', 1),
(1620, 13, '0-13-8850541', 1),
(1621, 13, '0-13-1350129', 1),
(1622, 13, '0-13-5360387', 1),
(1623, 13, '0-13-4362489', 1),
(1624, 13, '0-13-4448419', 1),
(1625, 13, '0-13-3006670', 1),
(1626, 13, '0-13-4150433', 1),
(1627, 13, '0-13-2758065', 1),
(1628, 13, '0-13-3150604', 1),
(1629, 13, '0-13-6080159', 1),
(1630, 13, '0-13-8698402', 1),
(1631, 13, '0-13-6526335', 1),
(1632, 13, '0-13-8686840', 1),
(1633, 13, '0-13-7261841', 1),
(1634, 13, '0-13-8243377', 1),
(1635, 13, '0-13-2409049', 1),
(1636, 13, '0-13-2587948', 1),
(1637, 13, '0-13-5430184', 1),
(1638, 13, '0-13-2662480', 1),
(1639, 13, '0-13-9578035', 1),
(1640, 13, '0-13-2200796', 1),
(1641, 13, '0-13-4424784', 1),
(1642, 13, '0-13-3266877', 1),
(1643, 13, '0-13-2222136', 1),
(1644, 13, '0-13-4505176', 1),
(1645, 13, '0-13-4621774', 1),
(1646, 13, '0-13-2211755', 1),
(1647, 13, '0-13-4396551', 1),
(1648, 13, '0-13-6620602', 1),
(1649, 13, '0-13-4191384', 1),
(1650, 13, '0-13-603498', 0),
(1651, 13, '0-13-5471144', 1),
(1652, 13, '0-13-5441515', 1),
(1653, 13, '0-13-5863887', 1),
(1654, 13, '0-13-9733634', 0),
(1655, 13, '0-13-9789935', 1),
(1656, 13, '0-13-8770558', 1),
(1657, 13, '0-13-3884068', 1),
(1658, 13, '0-13-2548001', 1),
(1659, 13, '0-13-1921162', 1),
(1660, 13, '0-13-9864229', 1),
(1661, 13, '0-13-1246404', 1),
(1662, 13, '0-13-8347498', 1),
(1663, 13, '0-13-8551069', 1),
(1664, 13, '0-13-8408246', 1),
(1665, 13, '0-13-6590876', 1),
(1666, 13, '0-13-960119', 1),
(1667, 13, '0-13-996194', 1),
(1668, 13, '0-13-2021061', 1),
(1669, 13, '0-13-3522600', 1),
(1670, 13, '0-13-574230', 1),
(1671, 13, '0-13-4121859', 1),
(1672, 13, '0-13-7847386', 1),
(1673, 13, '0-13-3741108', 1),
(1674, 13, '0-13-6243997', 1),
(1675, 13, '0-13-2352563', 1),
(1676, 13, '0-13-8262884', 1),
(1677, 13, '0-13-8355754', 1),
(1678, 13, '0-13-6649115', 1),
(1679, 13, '0-13-4883487', 1),
(1680, 13, '0-13-2547138', 1),
(1681, 13, '0-13-7152615', 1),
(1682, 13, '0-13-354631', 1),
(1683, 13, '0-13-7888655', 1),
(1684, 13, '0-13-3016502', 1),
(1685, 13, '0-13-9988267', 1),
(1686, 13, '0-13-7678591', 1),
(1687, 13, '0-13-1787060', 1),
(1688, 13, '0-13-3276908', 1),
(1689, 13, '0-13-5827967', 1),
(1690, 13, '0-13-3958356', 1),
(1691, 13, '0-13-4541497', 1),
(1692, 13, '0-13-9906134', 1),
(1693, 13, '0-13-4332845', 1),
(1694, 13, '0-13-7211208', 1),
(1695, 13, '0-13-9276012', 1),
(1696, 13, '0-13-5128556', 1),
(1697, 13, '0-13-2353504', 1),
(1698, 13, '0-13-4760010', 1),
(1699, 13, '0-13-4819017', 1),
(1700, 13, '0-13-9997711', 1),
(1701, 13, '0-13-7147081', 1),
(1702, 13, '0-13-4983166', 1),
(1703, 13, '0-13-3105827', 1),
(1704, 13, '0-13-5872165', 1),
(1705, 13, '0-13-5734435', 1),
(1706, 13, '0-13-663139', 1),
(1707, 13, '0-13-3707620', 1),
(1708, 13, '0-13-2524905', 1),
(1709, 13, '0-13-6766484', 1),
(1710, 13, '0-13-6379740', 1),
(1711, 13, '0-13-4731370', 1),
(1712, 13, '0-13-3783931', 1),
(1713, 13, '0-13-6443720', 1),
(1714, 13, '0-13-6138143', 1),
(1715, 13, '0-13-4445907', 1),
(1716, 13, '0-13-3434561', 1),
(1717, 13, '0-13-5371780', 1),
(1718, 13, '0-13-5739714', 1),
(1719, 13, '0-13-6611471', 1),
(1720, 13, '0-13-1199748', 1),
(1721, 13, '0-13-9598072', 1),
(1722, 13, '0-13-1152969', 1),
(1723, 13, '0-13-1105882', 1),
(1724, 13, '0-13-3930918', 1),
(1725, 13, '0-13-8264178', 1),
(1726, 13, '0-13-381895', 1),
(1727, 13, '0-13-8959475', 1),
(1728, 13, '0-13-617683', 1),
(1729, 13, '0-13-5041907', 1),
(1730, 13, '0-13-3778493', 1),
(1731, 13, '0-13-615395', 1),
(1732, 13, '0-13-2188989', 1),
(1733, 13, '0-13-8661660', 1),
(1734, 13, '0-13-3621223', 1),
(1735, 13, '0-13-7961155', 1),
(1736, 13, '0-13-4396096', 1),
(1737, 13, '0-13-4184364', 1),
(1738, 13, '0-13-1668776', 1),
(1739, 13, '0-13-6821002', 1),
(1740, 13, '0-13-950848', 1),
(1741, 13, '0-13-7948517', 1),
(1742, 13, '0-13-1552373', 1),
(1743, 13, '0-13-4634781', 1),
(1744, 13, '0-13-4392238', 1),
(1745, 13, '0-13-7590517', 1),
(1746, 13, '0-13-8980689', 1),
(1747, 13, '0-13-7726801', 1),
(1748, 13, '0-13-2962297', 1),
(1749, 13, '0-13-4720404', 1),
(1750, 13, '0-13-4338272', 1),
(1751, 13, '0-13-4062046', 1),
(1752, 13, '0-13-4318476', 1),
(1753, 13, '0-13-5391242', 1),
(1754, 13, '0-13-5067930', 1),
(1755, 13, '0-13-8149395', 1),
(1756, 13, '0-13-3655421', 1),
(1757, 13, '0-13-5349826', 1),
(1758, 13, '0-13-7108871', 1),
(1759, 13, '0-13-4173105', 1),
(1760, 13, '0-13-391733', 1),
(1761, 13, '0-13-887365', 1),
(1762, 13, '0-13-4688501', 1),
(1763, 13, '0-13-2480723', 1),
(1764, 13, '0-13-9449027', 1),
(1765, 13, '0-13-8209726', 1),
(1766, 13, '0-13-441879', 1),
(1767, 13, '0-13-3845123', 1),
(1768, 13, '0-13-2394090', 1),
(1769, 13, '0-13-2010657', 1),
(1770, 13, '0-13-666125', 1),
(1771, 13, '0-13-3244939', 1),
(1772, 13, '0-13-9859176', 1),
(1773, 13, '0-13-2118499', 1),
(1774, 13, '0-13-7779721', 1),
(1775, 13, '0-13-4251414', 1),
(1776, 13, '0-13-9609017', 1),
(1777, 13, '0-13-6760411', 1),
(1778, 13, '0-13-1978215', 1),
(1779, 13, '0-13-2571315', 1),
(1780, 13, '0-13-1480815', 1),
(1781, 13, '0-13-6216489', 1),
(1782, 13, '0-13-6533363', 1),
(1783, 13, '0-13-5699292', 1),
(1784, 13, '0-13-1607732', 1),
(1785, 13, '0-13-1601293', 1),
(1786, 13, '0-13-3848687', 1),
(1787, 13, '0-13-2145456', 1),
(1788, 13, '0-13-6230269', 1),
(1789, 13, '0-13-8599846', 1),
(1790, 13, '0-13-654443', 1),
(1791, 13, '0-13-2131793', 1),
(1792, 13, '0-13-6907771', 1),
(1793, 13, '0-13-6709505', 1),
(1794, 13, '0-13-404796', 1),
(1795, 13, '0-13-3787258', 1),
(1796, 13, '0-13-406955', 1),
(1797, 13, '0-13-1447252', 1),
(1798, 13, '0-13-4219766', 1),
(1799, 13, '0-13-3067554', 1),
(1800, 13, '0-13-8534858', 1),
(1801, 13, '0-13-2070366', 1),
(1802, 13, '0-13-5428559', 1),
(1803, 13, '0-13-8721009', 1),
(1804, 13, '0-13-915600', 1),
(1805, 13, '0-13-5934568', 1),
(1806, 13, '0-13-973130', 1),
(1807, 13, '0-13-6454855', 1),
(1808, 13, '0-13-5934160', 1),
(1809, 13, '0-13-6838887', 1),
(1810, 13, '0-13-9033274', 1),
(1811, 13, '0-13-9581817', 1),
(1812, 13, '0-13-6872071', 1),
(1813, 13, '0-13-7989202', 1);
INSERT INTO `tblcod` (`id`, `id_hotel`, `code`, `enable`) VALUES
(1814, 13, '0-13-4171014', 1),
(1815, 13, '0-13-2760642', 1),
(1816, 13, '0-13-4492925', 1),
(1817, 13, '0-13-4715060', 1),
(1818, 13, '0-13-4806099', 1),
(1819, 13, '0-13-723194', 1),
(1820, 13, '0-13-3314906', 1),
(1821, 13, '0-13-5360544', 1),
(1822, 13, '0-13-2754989', 1),
(1823, 13, '0-13-222678', 1),
(1824, 13, '0-13-2070050', 1),
(1825, 13, '0-13-3059787', 1),
(1826, 13, '0-13-3909937', 1),
(1827, 13, '0-13-2377006', 1),
(1828, 13, '0-13-4407040', 1),
(1829, 13, '0-13-8029704', 1),
(1830, 13, '0-13-5344562', 1),
(1831, 13, '0-13-2941899', 1),
(1832, 13, '0-13-100071', 1),
(1833, 13, '0-13-773121', 1),
(1834, 13, '0-13-1662908', 1),
(1835, 13, '0-13-915673', 1),
(1836, 13, '0-13-6607691', 1),
(1837, 13, '0-13-2536040', 1),
(1838, 13, '0-13-7270529', 1),
(1839, 13, '0-13-2541851', 1),
(1840, 13, '0-13-9274928', 1),
(1841, 13, '0-13-6303804', 1),
(1842, 13, '0-13-2123669', 1),
(1843, 13, '0-13-6146999', 1),
(1844, 13, '0-13-4293007', 1),
(1845, 13, '0-13-6194684', 1),
(1846, 13, '0-13-8807642', 1),
(1847, 13, '0-13-8685933', 1),
(1848, 13, '0-13-909745', 1),
(1849, 13, '0-13-3613742', 1),
(1850, 13, '0-13-9309129', 1),
(1851, 13, '0-13-4124652', 1),
(1852, 13, '0-13-8874288', 1),
(1853, 13, '0-13-2064118', 1),
(1854, 13, '0-13-4247331', 1),
(1855, 13, '0-13-944338', 1),
(1856, 13, '0-13-5023906', 1),
(1857, 13, '0-13-8057270', 1),
(1858, 13, '0-13-3221346', 1),
(1859, 13, '0-13-9330948', 1),
(1860, 13, '0-13-6086975', 1),
(1861, 13, '0-13-8465909', 1),
(1862, 13, '0-13-2272847', 1),
(1863, 13, '0-13-6087048', 1),
(1864, 13, '0-13-9139032', 1),
(1865, 13, '0-13-3835756', 1),
(1866, 13, '0-13-6902722', 1),
(1867, 13, '0-13-5746723', 1),
(1868, 13, '0-13-6271798', 1),
(1869, 13, '0-13-4173251', 1),
(1870, 13, '0-13-8188575', 1),
(1871, 13, '0-13-5546726', 1),
(1872, 13, '0-13-477056', 1),
(1873, 13, '0-13-312245', 1),
(1874, 13, '0-13-1693726', 1),
(1875, 13, '0-13-4670064', 1),
(1876, 13, '0-13-6406931', 1),
(1877, 13, '0-13-501369', 1),
(1878, 13, '0-13-3355998', 1),
(1879, 13, '0-13-7216677', 1),
(1880, 13, '0-13-4015112', 1),
(1881, 13, '0-13-2665127', 1),
(1882, 13, '0-13-1341330', 1),
(1883, 13, '0-13-2889401', 1),
(1884, 13, '0-13-4629246', 1),
(1885, 13, '0-13-5488662', 1),
(1886, 17, '0-17-1884724', 1),
(1887, 17, '0-17-7676631', 1),
(1888, 17, '0-17-8382966', 1),
(1889, 17, '0-17-3515628', 1),
(1890, 17, '0-17-9845682', 1),
(1891, 17, '0-17-7237101', 1),
(1892, 17, '0-17-4798169', 1),
(1893, 17, '0-17-1628343', 1),
(1894, 17, '0-17-4947240', 1),
(1895, 17, '0-17-6876772', 1),
(1896, 17, '0-17-7350499', 1),
(1897, 17, '0-17-1936808', 1),
(1898, 17, '0-17-7092444', 1),
(1899, 17, '0-17-5109116', 1),
(1900, 17, '0-17-8320084', 1),
(1901, 17, '0-17-3194067', 1),
(1902, 17, '0-17-3797208', 1),
(1903, 17, '0-17-2112092', 1),
(1904, 17, '0-17-1747121', 1),
(1905, 17, '0-17-9228907', 1),
(1906, 17, '0-17-8031859', 1),
(1907, 17, '0-17-946301', 1),
(1908, 17, '0-17-1664485', 1),
(1909, 17, '0-17-737827', 1),
(1910, 17, '0-17-1739316', 1),
(1911, 17, '0-17-9352741', 1),
(1912, 17, '0-17-4694892', 1),
(1913, 17, '0-17-2660269', 1),
(1914, 17, '0-17-1025527', 1),
(1915, 17, '0-17-2085043', 1),
(1916, 17, '0-17-8350497', 1),
(1917, 17, '0-17-2810252', 1),
(1918, 17, '0-17-9661676', 1),
(1919, 17, '0-17-6733463', 1),
(1920, 17, '0-17-6225881', 1),
(1921, 17, '0-17-9507359', 1),
(1922, 17, '0-17-3970565', 1),
(1923, 17, '0-17-1024051', 1),
(1924, 17, '0-17-1135703', 1),
(1925, 17, '0-17-8817806', 1),
(1926, 17, '0-17-7800825', 1),
(1927, 17, '0-17-8386203', 1),
(1928, 17, '0-17-754614', 1),
(1929, 17, '0-17-4893269', 1),
(1930, 17, '0-17-3495319', 1),
(1931, 17, '0-17-8974699', 1),
(1932, 17, '0-17-7987338', 1),
(1933, 17, '0-17-7192528', 1),
(1934, 17, '0-17-1086791', 1),
(1935, 17, '0-17-9634460', 1),
(1936, 17, '0-17-6421436', 1),
(1937, 17, '0-17-9018652', 1),
(1938, 17, '0-17-580761', 1),
(1939, 17, '0-17-7985923', 1),
(1940, 17, '0-17-9656480', 1),
(1941, 17, '0-17-2220078', 1),
(1942, 17, '0-17-7338664', 0),
(1943, 17, '0-17-4351373', 1),
(1944, 17, '0-17-4780348', 1),
(1945, 17, '0-17-8264193', 1),
(1946, 17, '0-17-6336418', 1),
(1947, 17, '0-17-3130846', 1),
(1948, 17, '0-17-1074445', 1),
(1949, 17, '0-17-5998094', 0),
(1950, 17, '0-17-9764311', 1),
(1951, 17, '0-17-7200328', 0),
(1952, 17, '0-17-5505453', 1),
(1953, 17, '0-17-3734876', 1),
(1954, 17, '0-17-8124381', 1),
(1955, 17, '0-17-6541158', 1),
(1956, 17, '0-17-2552682', 1),
(1957, 17, '0-17-5925206', 1),
(1958, 17, '0-17-4927361', 1),
(1959, 17, '0-17-3207297', 1),
(1960, 17, '0-17-818476', 1),
(1961, 17, '0-17-8322681', 1),
(1962, 17, '0-17-2181997', 1),
(1963, 17, '0-17-8705815', 1),
(1964, 17, '0-17-5515210', 1),
(1965, 17, '0-17-3168790', 1),
(1966, 17, '0-17-8340275', 1),
(1967, 17, '0-17-1936646', 1),
(1968, 17, '0-17-2187442', 1),
(1969, 17, '0-17-8821037', 1),
(1970, 17, '0-17-9822571', 1),
(1971, 17, '0-17-1843923', 1),
(1972, 17, '0-17-1041115', 1),
(1973, 17, '0-17-7161235', 1),
(1974, 17, '0-17-6095297', 1),
(1975, 17, '0-17-5721465', 1),
(1976, 17, '0-17-5425429', 1),
(1977, 17, '0-17-2431715', 1),
(1978, 17, '0-17-8752313', 1),
(1979, 17, '0-17-6399875', 1),
(1980, 17, '0-17-8329811', 1),
(1981, 17, '0-17-8516624', 1),
(1982, 17, '0-17-3600204', 1),
(1983, 17, '0-17-3835265', 1),
(1984, 17, '0-17-2251500', 1),
(1985, 17, '0-17-9845248', 1),
(1986, 17, '0-17-8604697', 1),
(1987, 17, '0-17-3935371', 1),
(1988, 17, '0-17-4617574', 1),
(1989, 17, '0-17-7964551', 1),
(1990, 17, '0-17-7796665', 1),
(1991, 17, '0-17-6951362', 1),
(1992, 17, '0-17-8184344', 1),
(1993, 17, '0-17-1495920', 1),
(1994, 17, '0-17-7027524', 1),
(1995, 17, '0-17-4063927', 1),
(1996, 17, '0-17-8276288', 1),
(1997, 17, '0-17-6717622', 1),
(1998, 17, '0-17-3200608', 1),
(1999, 17, '0-17-8485542', 1),
(2000, 17, '0-17-5850866', 1),
(2001, 17, '0-17-3540197', 1),
(2002, 17, '0-17-848325', 1),
(2003, 17, '0-17-7581933', 1),
(2004, 17, '0-17-9724567', 1),
(2005, 17, '0-17-5442439', 1),
(2006, 17, '0-17-753534', 1),
(2007, 17, '0-17-9110479', 1),
(2008, 17, '0-17-960048', 1),
(2009, 17, '0-17-8791577', 1),
(2010, 17, '0-17-602739', 1),
(2011, 17, '0-17-5413008', 1),
(2012, 17, '0-17-3276357', 1),
(2013, 17, '0-17-6761915', 1),
(2014, 17, '0-17-9864708', 1),
(2015, 17, '0-17-9724776', 1),
(2016, 17, '0-17-6607163', 1),
(2017, 17, '0-17-8469405', 1),
(2018, 17, '0-17-3660147', 1),
(2019, 17, '0-17-1224738', 1),
(2020, 17, '0-17-6433957', 1),
(2021, 17, '0-17-1456813', 1),
(2022, 17, '0-17-8076101', 1),
(2023, 17, '0-17-4618301', 1),
(2024, 17, '0-17-2852734', 1),
(2025, 17, '0-17-5103626', 1),
(2026, 17, '0-17-8582230', 1),
(2027, 17, '0-17-1129022', 1),
(2028, 17, '0-17-1821248', 1),
(2029, 17, '0-17-1782839', 1),
(2030, 17, '0-17-9514566', 1),
(2031, 17, '0-17-7572116', 1),
(2032, 17, '0-17-5223037', 1),
(2033, 17, '0-17-362892', 1),
(2034, 17, '0-17-5154050', 1),
(2035, 17, '0-17-4947604', 1),
(2036, 17, '0-17-5705332', 1),
(2037, 17, '0-17-5807586', 1),
(2038, 17, '0-17-4058084', 1),
(2039, 17, '0-17-6565381', 1),
(2040, 17, '0-17-4599163', 1),
(2041, 17, '0-17-4560824', 1),
(2042, 17, '0-17-1978390', 1),
(2043, 17, '0-17-7775522', 1),
(2044, 17, '0-17-1322740', 1),
(2045, 17, '0-17-1843098', 1),
(2046, 17, '0-17-7500298', 1),
(2047, 17, '0-17-7829905', 1),
(2048, 17, '0-17-312503', 1),
(2049, 17, '0-17-1160446', 1),
(2050, 17, '0-17-8954644', 1),
(2051, 17, '0-17-6646461', 1),
(2052, 17, '0-17-2517260', 1),
(2053, 17, '0-17-7030745', 1),
(2054, 17, '0-17-1264763', 1),
(2055, 17, '0-17-5269996', 1),
(2056, 17, '0-17-2134371', 1),
(2057, 17, '0-17-9746994', 1),
(2058, 17, '0-17-6299020', 1),
(2059, 17, '0-17-3855621', 1),
(2060, 17, '0-17-1529833', 1),
(2061, 17, '0-17-5813586', 1),
(2062, 17, '0-17-1427738', 1),
(2063, 17, '0-17-6652871', 1),
(2064, 17, '0-17-6076479', 1),
(2065, 17, '0-17-6481789', 1),
(2066, 17, '0-17-1600476', 1),
(2067, 17, '0-17-1781812', 1),
(2068, 17, '0-17-2289376', 1),
(2069, 17, '0-17-5558562', 1),
(2070, 17, '0-17-8247195', 1),
(2071, 17, '0-17-6788541', 1),
(2072, 17, '0-17-119387', 1),
(2073, 17, '0-17-225585', 1),
(2074, 17, '0-17-4564063', 1),
(2075, 17, '0-17-1342128', 1),
(2076, 17, '0-17-1968684', 1),
(2077, 17, '0-17-2064362', 1),
(2078, 17, '0-17-9072034', 1),
(2079, 17, '0-17-2181189', 1),
(2080, 17, '0-17-3124810', 1),
(2081, 17, '0-17-8026678', 1),
(2082, 17, '0-17-8727652', 1),
(2083, 17, '0-17-5542072', 1),
(2084, 18, '0-18-5790559', 1),
(2085, 18, '0-18-5971714', 1),
(2086, 18, '0-18-897761', 1),
(2087, 18, '0-18-1958204', 1),
(2088, 18, '0-18-5898852', 1),
(2089, 18, '0-18-4992494', 1),
(2090, 18, '0-18-9836304', 1),
(2091, 18, '0-18-8233013', 1),
(2092, 18, '0-18-4284826', 1),
(2093, 18, '0-18-6029162', 1),
(2094, 18, '0-18-2783871', 1),
(2095, 18, '0-18-4382103', 1),
(2096, 18, '0-18-7900929', 1),
(2097, 18, '0-18-5692509', 1),
(2098, 18, '0-18-1785664', 1),
(2099, 18, '0-18-130442', 1),
(2100, 18, '0-18-8555175', 1),
(2101, 18, '0-18-3462522', 1),
(2102, 18, '0-18-9725220', 1),
(2103, 18, '0-18-7390183', 1),
(2104, 18, '0-18-9722783', 1),
(2105, 18, '0-18-974330', 1),
(2106, 18, '0-18-8755742', 1),
(2107, 18, '0-18-6437834', 1),
(2108, 18, '0-18-6120015', 1),
(2109, 18, '0-18-7922635', 1),
(2110, 18, '0-18-4887483', 1),
(2111, 18, '0-18-1262937', 1),
(2112, 18, '0-18-8477738', 1),
(2113, 18, '0-18-7136145', 1),
(2114, 18, '0-18-7094381', 1),
(2115, 18, '0-18-4268298', 1),
(2116, 18, '0-18-3107860', 1),
(2117, 18, '0-18-7892144', 1),
(2118, 18, '0-18-6126503', 1),
(2119, 18, '0-18-8906714', 1),
(2120, 18, '0-18-2884638', 1),
(2121, 18, '0-18-5962808', 1),
(2122, 18, '0-18-7139727', 1),
(2123, 18, '0-18-7069466', 1),
(2124, 18, '0-18-1991971', 1),
(2125, 18, '0-18-9823599', 1),
(2126, 18, '0-18-1451569', 1),
(2127, 18, '0-18-9792901', 1),
(2128, 18, '0-18-5516109', 1),
(2129, 18, '0-18-3137235', 1),
(2130, 18, '0-18-9823345', 1),
(2131, 18, '0-18-4071284', 1),
(2132, 18, '0-18-6499758', 1),
(2133, 18, '0-18-9548566', 1),
(2134, 18, '0-18-1461468', 1),
(2135, 18, '0-18-6222542', 1),
(2136, 18, '0-18-522896', 1),
(2137, 18, '0-18-217210', 1),
(2138, 18, '0-18-2660376', 1),
(2139, 18, '0-18-6542912', 1),
(2140, 18, '0-18-8039846', 1),
(2141, 18, '0-18-7447860', 1),
(2142, 18, '0-18-7705850', 1),
(2143, 18, '0-18-6517585', 1),
(2144, 18, '0-18-4584006', 1),
(2145, 18, '0-18-4800232', 1),
(2146, 18, '0-18-785883', 1),
(2147, 18, '0-18-7591868', 1),
(2148, 18, '0-18-2692376', 1),
(2149, 18, '0-18-6812387', 1),
(2150, 18, '0-18-6498582', 1),
(2151, 18, '0-18-5477016', 1),
(2152, 18, '0-18-2775195', 1),
(2153, 18, '0-18-3638309', 1),
(2154, 18, '0-18-2546482', 1),
(2155, 18, '0-18-4667168', 1),
(2156, 18, '0-18-3461909', 1),
(2157, 18, '0-18-3898053', 1),
(2158, 18, '0-18-4460069', 1),
(2159, 18, '0-18-8878019', 1),
(2160, 18, '0-18-6935289', 1),
(2161, 18, '0-18-4283414', 1),
(2162, 18, '0-18-2949303', 1),
(2163, 18, '0-18-3435048', 1),
(2164, 18, '0-18-3831981', 1),
(2165, 18, '0-18-4310772', 1),
(2166, 18, '0-18-9557591', 1),
(2167, 18, '0-18-4254878', 1),
(2168, 18, '0-18-4427983', 1),
(2169, 18, '0-18-2217967', 1),
(2170, 18, '0-18-797791', 1),
(2171, 18, '0-18-2467830', 1),
(2172, 18, '0-18-9565828', 1),
(2173, 18, '0-18-8403643', 1),
(2174, 18, '0-18-8885416', 1),
(2175, 18, '0-18-4149835', 1),
(2176, 18, '0-18-3203875', 1),
(2177, 18, '0-18-9571300', 1),
(2178, 18, '0-18-1741703', 1),
(2179, 18, '0-18-5796253', 1),
(2180, 18, '0-18-6383688', 1),
(2181, 18, '0-18-8140286', 1),
(2182, 18, '0-18-1273270', 1),
(2183, 18, '0-18-425958', 1),
(2184, 18, '0-18-2746463', 1),
(2185, 18, '0-18-2665991', 1),
(2186, 18, '0-18-288093', 1),
(2187, 18, '0-18-711678', 1),
(2188, 18, '0-18-8651494', 1),
(2189, 18, '0-18-1525577', 1),
(2190, 18, '0-18-109135', 1),
(2191, 18, '0-18-138851', 1),
(2192, 18, '0-18-5353083', 1),
(2193, 18, '0-18-2476241', 1),
(2194, 18, '0-18-1652385', 1),
(2195, 18, '0-18-2384006', 1),
(2196, 18, '0-18-5430082', 1),
(2197, 18, '0-18-3483496', 1),
(2198, 18, '0-18-6578034', 1),
(2199, 18, '0-18-9798712', 1),
(2200, 18, '0-18-8174494', 1),
(2201, 18, '0-18-7018723', 1),
(2202, 18, '0-18-5844490', 1),
(2203, 18, '0-18-3529697', 1),
(2204, 18, '0-18-9098968', 1),
(2205, 18, '0-18-6837605', 1),
(2206, 18, '0-18-8242230', 1),
(2207, 18, '0-18-5062895', 1),
(2208, 18, '0-18-9856853', 1),
(2209, 18, '0-18-1907276', 1),
(2210, 18, '0-18-817022', 1),
(2211, 18, '0-18-2600372', 1),
(2212, 18, '0-18-9095943', 1),
(2213, 18, '0-18-780788', 1),
(2214, 18, '0-18-2926331', 1),
(2215, 18, '0-18-1842407', 1),
(2216, 18, '0-18-3346781', 1),
(2217, 18, '0-18-3114426', 1),
(2218, 18, '0-18-2454087', 1),
(2219, 18, '0-18-1998275', 1),
(2220, 18, '0-18-4540004', 1),
(2221, 18, '0-18-2463223', 1),
(2222, 18, '0-18-2037127', 1),
(2223, 18, '0-18-9793089', 1),
(2224, 18, '0-18-4839465', 1),
(2225, 18, '0-18-3589514', 1),
(2226, 18, '0-18-2177095', 1),
(2227, 18, '0-18-269548', 1),
(2228, 18, '0-18-6973012', 1),
(2229, 18, '0-18-8655130', 1),
(2230, 18, '0-18-9968261', 1),
(2231, 18, '0-18-5147506', 1),
(2232, 18, '0-18-5673853', 1),
(2233, 18, '0-18-5812752', 1),
(2234, 18, '0-18-8577204', 1),
(2235, 18, '0-18-4772822', 1),
(2236, 18, '0-18-2650358', 1),
(2237, 18, '0-18-6819435', 1),
(2238, 18, '0-18-9735718', 1),
(2239, 18, '0-18-2507211', 1),
(2240, 18, '0-18-8626712', 1),
(2241, 18, '0-18-552741', 1),
(2242, 18, '0-18-5007585', 1),
(2243, 18, '0-18-7722656', 1),
(2244, 18, '0-18-1233531', 1),
(2245, 18, '0-18-7833917', 1),
(2246, 18, '0-18-9465064', 1),
(2247, 18, '0-18-4480313', 1),
(2248, 18, '0-18-948344', 1),
(2249, 18, '0-18-1919152', 1),
(2250, 18, '0-18-6378590', 1),
(2251, 18, '0-18-5388350', 1),
(2252, 18, '0-18-4282376', 1),
(2253, 18, '0-18-8315719', 1),
(2254, 18, '0-18-5181439', 1),
(2255, 18, '0-18-9021843', 1),
(2256, 18, '0-18-1905233', 1),
(2257, 18, '0-18-7258535', 1),
(2258, 18, '0-18-9191392', 1),
(2259, 18, '0-18-8778246', 1),
(2260, 18, '0-18-5913665', 1),
(2261, 18, '0-18-9159653', 1),
(2262, 18, '0-18-3925752', 1),
(2263, 18, '0-18-1587519', 1),
(2264, 18, '0-18-4972406', 1),
(2265, 18, '0-18-2502957', 1),
(2266, 18, '0-18-6260343', 1),
(2267, 18, '0-18-7522765', 1),
(2268, 18, '0-18-9222393', 1),
(2269, 18, '0-18-5996061', 1),
(2270, 18, '0-18-9929977', 1),
(2271, 18, '0-18-7849105', 1),
(2272, 18, '0-18-6448804', 1),
(2273, 18, '0-18-4937562', 1),
(2274, 18, '0-18-5571762', 1),
(2275, 18, '0-18-7582336', 1),
(2276, 18, '0-18-2771480', 1),
(2277, 18, '0-18-5036827', 1),
(2278, 18, '0-18-2062650', 1),
(2279, 18, '0-18-3619826', 1),
(2280, 18, '0-18-6855980', 1),
(2281, 18, '0-18-8341241', 1);

-- --------------------------------------------------------

--
-- Table structure for table `tbldes`
--

CREATE TABLE `tbldes` (
  `id` int(11) NOT NULL,
  `id_hotel` int(11) NOT NULL,
  `id_khadamat` int(11) NOT NULL,
  `logo` varchar(300) COLLATE utf8_persian_ci NOT NULL,
  `title` varchar(300) COLLATE utf8_persian_ci NOT NULL,
  `text` text COLLATE utf8_persian_ci NOT NULL
) ENGINE=InnoDB DEFAULT CHARSET=utf8 COLLATE=utf8_persian_ci;

--
-- Dumping data for table `tbldes`
--

INSERT INTO `tbldes` (`id`, `id_hotel`, `id_khadamat`, `logo`, `title`, `text`) VALUES
(4, 13, 14, 'images9848.jpg', ' Aساختمان', '09356563590'),
(5, 13, 14, 'images9848.jpg', 'Bساختمان', '09157094219'),
(6, 13, 13, 'images9848.jpg', 'تماس', 'داخلی 95'),
(7, 13, 11, 'images9848.jpg', 'تماس', 'داخلی 95'),
(8, 13, 10, 'images9848.jpg', 'تماس', '09302679110- داخلی 94'),
(9, 13, 12, 'images9848.jpg', 'Aساختمان', 'داخلی 300'),
(10, 13, 12, 'images9848.jpg', 'Bساختمان', 'داخلی 100'),
(11, 13, 8, 'images9848.jpg', 'تماس', '<p>داخلی کافی شاپ A 93 داخلی کافی شاپ B 85</p>'),
(12, 13, 8, 'Pice915a563-1404-456b-8359-dc41dbc76bac.jpg', 'مینی بار', '<p><img style=\"display: block; margin-left: auto; margin-right: auto;\" src=\"../../upload/Untitled.gif\" alt=\"\" width=\"286\" height=\"209\" /></p>'),
(13, 13, 8, '2.jpg', 'منو ', '<p><img style=\"display: block; margin-left: auto; margin-right: auto;\" src=\"../../upload/0.jpg\" alt=\"\" width=\"291\" height=\"406\" /></p>'),
(14, 14, 30, 'images9848.jpg', 'تماس', '<p><span style=\"font-size: 14pt;\"><strong>داخلی 603</strong></span></p>'),
(15, 14, 26, 'images9848.jpg', 'تماس', '<p><span style=\"font-size: 13pt;\"><strong>داخلی 649</strong></span></p>'),
(16, 14, 18, 'images9848.jpg', 'تماس', '<p><span style=\"font-size: 13pt;\"><strong>داخلی 622</strong></span></p>'),
(17, 14, 19, 'images9848.jpg', 'تماس', '<p><span style=\"font-size: 13pt;\"><strong>داخلی623</strong></span></p>'),
(18, 14, 20, 'images9848.jpg', 'تماس', '<p><span style=\"font-size: 12pt;\"><strong>09122182100 - 09347691888</strong></span></p>'),
(19, 14, 25, 'images9848.jpg', 'تماس', '<p><span style=\"font-size: 13pt;\"><strong>داخلی 625</strong></span></p>'),
(20, 14, 22, 'images9848.jpg', 'تماس', '<p><span style=\"font-size: 13pt;\"><strong>داخلی 600-601-602-603</strong></span></p>'),
(21, 14, 31, 'images9848.jpg', 'تماس', '<p><span style=\"font-size: 13pt;\"><strong>داخلی603</strong></span></p>'),
(22, 14, 28, 'images9848.jpg', 'تماس', '<p><span style=\"font-size: 13pt;\"><strong>داخلی603</strong></span></p>'),
(23, 14, 16, 'IMG_8327.jpg', 'منو ', '<p><img style=\"display: block; margin-left: auto; margin-right: auto;\" src=\"../../upload/IMG_8327.jpg\" alt=\"\" width=\"322\" height=\"456\" /></p>'),
(24, 14, 17, 'IMG_8329.jpg', 'منو', '<p><img style=\"display: block; margin-left: auto; margin-right: auto;\" src=\"../../upload/IMG_8329.jpg\" alt=\"\" width=\"337\" height=\"476\" /></p>\r\n<p><img style=\"display: block; margin-left: auto; margin-right: auto;\" src=\"../../upload/IMG_8330.jpg\" alt=\"\" width=\"340\" height=\"481\" /></p>\r\n<p>&nbsp;</p>\r\n<p>&nbsp;</p>'),
(25, 14, 18, 'Pice915a563-1404-456b-8359-dc41dbc76bac.jpg', 'مینی بار', '<p><img style=\"display: block; margin-left: auto; margin-right: auto;\" src=\"../../upload/IMG_8328.jpg\" alt=\"\" width=\"331\" height=\"440\" /></p>'),
(26, 16, 32, 'images9848.jpg', 'تماس', '<p><strong>09347687928-</strong></p>\r\n<p><strong>09196406485</strong></p>'),
(27, 16, 47, 'images9848.jpg', 'تماس', '<p><span style=\"font-size: 16pt;\"><strong>داخلی 360</strong></span></p>'),
(28, 16, 44, 'images9848.jpg', 'تماس', '<p><span style=\"font-size: 16pt;\"><strong>داخلی 340</strong></span></p>'),
(29, 16, 45, 'images9848.jpg', 'تماس', '<p><span style=\"font-size: 16pt;\"><strong>داخلی 360</strong></span></p>'),
(30, 16, 51, 'images9848.jpg', 'تماس', '<p><span style=\"font-size: 16pt;\"><strong>داخلی 340</strong></span></p>'),
(31, 16, 46, 'images9848.jpg', 'تماس', '<p><strong><span style=\"font-size: 16pt;\">داخلی 390</span></strong></p>'),
(32, 16, 48, 'images9848.jpg', 'تماس', '<p><span style=\"font-size: 16pt;\"><strong>داخلی 0-340-341</strong></span></p>'),
(33, 16, 50, 'images9848.jpg', 'تماس', '<p><span style=\"font-size: 16pt;\"><strong>داخلی 340</strong></span></p>'),
(34, 15, 53, 'images9848.jpg', 'تماس', '<p><span style=\"font-size: 16pt;\"><strong>داخلی 444</strong></span></p>'),
(35, 15, 53, 'restaurant_menu5231.jpg', 'منو', '<p><img style=\"display: block; margin-left: auto; margin-right: auto;\" src=\"../../upload/image00.jpg\" alt=\"\" width=\"300\" height=\"440\" /></p>\r\n<p><img style=\"display: block; margin-left: auto; margin-right: auto;\" src=\"../../upload/87876.jpg\" alt=\"\" width=\"294\" height=\"421\" /></p>\r\n<p><img style=\"display: block; margin-left: auto; margin-right: auto;\" src=\"../../upload/6765765555.jpg\" alt=\"\" width=\"300\" height=\"440\" /></p>\r\n<p><img style=\"display: block; margin-left: auto; margin-right: auto;\" src=\"../../upload/4667687.jpg\" alt=\"\" width=\"300\" height=\"441\" /></p>\r\n<p><img style=\"display: block; margin-left: auto; margin-right: auto;\" src=\"../../upload/3ق4433.jpg\" alt=\"\" width=\"300\" height=\"414\" /></p>\r\n<p><img style=\"display: block; margin-left: auto; margin-right: auto;\" src=\"../../upload/465656.jpg\" alt=\"\" width=\"300\" height=\"424\" /></p>\r\n<p><img style=\"display: block; margin-left: auto; margin-right: auto;\" src=\"../../upload/65767.jpg\" alt=\"\" width=\"300\" height=\"418\" /></p>\r\n<p><img style=\"display: block; margin-left: auto; margin-right: auto;\" src=\"../../upload/56578.jpg\" alt=\"\" width=\"300\" height=\"410\" /></p>\r\n<p><img style=\"display: block; margin-left: auto; margin-right: auto;\" src=\"../../upload/56789.jpg\" alt=\"\" width=\"300\" height=\"409\" /></p>\r\n<p><img style=\"display: block; margin-left: auto; margin-right: auto;\" src=\"../../upload/546576.jpg\" alt=\"\" width=\"300\" height=\"414\" /></p>\r\n<p><img style=\"display: block; margin-left: auto; margin-right: auto;\" src=\"../../upload/5676788.jpg\" alt=\"\" width=\"300\" height=\"421\" /></p>\r\n<p><img style=\"display: block; margin-left: auto; margin-right: auto;\" src=\"../../upload/076765.jpg\" alt=\"\" width=\"300\" height=\"419\" /></p>\r\n<p><img style=\"display: block; margin-left: auto; margin-right: auto;\" src=\"../../upload/545465.jpg\" alt=\"\" width=\"300\" height=\"416\" /></p>\r\n<p><img style=\"display: block; margin-left: auto; margin-right: auto;\" src=\"../../upload/576576.jpg\" alt=\"\" width=\"300\" height=\"425\" /></p>\r\n<p><img style=\"display: block; margin-left: auto; margin-right: auto;\" src=\"../../upload/664654.jpg\" alt=\"\" width=\"300\" height=\"424\" /></p>\r\n<p><img style=\"display: block; margin-left: auto; margin-right: auto;\" src=\"../../upload/676654578.jpg\" alt=\"\" width=\"300\" height=\"421\" /></p>\r\n<p><img style=\"display: block; margin-left: auto; margin-right: auto;\" src=\"../../upload/1.jpg\" alt=\"\" width=\"300\" height=\"414\" /></p>\r\n<p><img style=\"display: block; margin-left: auto; margin-right: auto;\" src=\"../../upload/image00.jpg\" alt=\"\" width=\"300\" height=\"440\" /></p>\r\n<p>&nbsp;</p>\r\n<p>&nbsp;</p>\r\n<p>&nbsp;</p>\r\n<p>&nbsp;</p>'),
(36, 15, 39, 'images9848.jpg', 'تماس', '<p><span style=\"font-size: 16pt;\"><strong>داخلی 405</strong></span></p>'),
(37, 15, 39, 'Pice915a563-1404-456b-8359-dc41dbc76bac.jpg', 'مینی سرویس', '<p><img style=\"display: block; margin-left: auto; margin-right: auto;\" src=\"../../upload/مینی بار.jpg\" alt=\"\" width=\"316\" height=\"446\" /></p>'),
(38, 15, 39, '2.jpg', 'منو', '<p><img style=\"display: block; margin-left: auto; margin-right: auto;\" src=\"../../upload/354354.jpg\" alt=\"\" width=\"300\" height=\"402\" /></p>'),
(39, 15, 42, 'images9848.jpg', 'تماس', '<p><span style=\"font-size: 16pt;\"><strong>09347688266</strong></span></p>\r\n<p><span style=\"font-size: 16pt;\"><strong>09347688255</strong></span></p>'),
(40, 15, 43, 'images9848.jpg', 'تماس', '<p><span style=\"font-size: 16pt;\"><strong>داخلی 400-402</strong></span></p>'),
(41, 15, 40, 'images9848.jpg', 'تماس', '<p><span style=\"font-size: 16pt;\"><strong>داخلی 300 هتل</strong></span></p>\r\n<p><span style=\"font-size: 16pt;\"><strong>داخلی 500 ویلا</strong></span></p>'),
(42, 15, 35, 'images9848.jpg', 'تماس', '<p><span style=\"font-size: 16pt;\"><strong>داخلی 441</strong></span></p>'),
(43, 15, 37, 'images9848.jpg', 'تماس', '<p>&nbsp;</p>\r\n<p><span style=\"font-size: 16pt;\"><strong>داخلی417</strong></span></p>'),
(44, 15, 36, 'images9848.jpg', 'تماس', '<p><span style=\"font-size: 16pt;\"><strong>داخلی 417</strong></span></p>'),
(45, 15, 34, 'images9848.jpg', 'تماس', '<p><span style=\"font-size: 16pt;\"><strong>داخلی402 </strong></span></p>'),
(46, 15, 41, 'images9848.jpg', 'تماس', '<p><strong><span style=\"font-size: 16pt;\">داخلی413</span></strong></p>'),
(47, 17, 58, 'images9848.jpg', 'تماس', '<p><span style=\"font-size: 18pt;\"><strong>داخلی 156</strong></span></p>'),
(48, 17, 59, 'images9848.jpg', 'تماس', '<p><span style=\"font-size: 16pt;\"><strong>داخلی 177</strong></span></p>'),
(49, 17, 60, 'images9848.jpg', 'تماس', '<p><span style=\"font-size: 18pt;\"><strong>داخلی157</strong></span></p>'),
(50, 17, 62, 'images9848.jpg', 'تماس', '<p><span style=\"font-size: 16pt;\"><strong>داخلی 9-0</strong></span></p>'),
(51, 17, 63, 'images9848.jpg', 'تماس', '<p><span style=\"font-size: 16pt;\"><strong>داخلی 175</strong></span></p>'),
(52, 17, 65, 'images9848.jpg', 'تماس', '<p><span style=\"font-size: 16pt;\"><strong>داخلی 179</strong></span></p>'),
(53, 17, 58, '56567684.jpg', 'منو', '<p><img style=\"display: block; margin-left: auto; margin-right: auto;\" src=\"../../upload/56567684.jpg\" alt=\"\" width=\"300\" height=\"392\" /></p>\r\n<p><img style=\"display: block; margin-left: auto; margin-right: auto;\" src=\"../../upload/9879875675.jpg\" alt=\"\" width=\"300\" height=\"385\" /></p>\r\n<p style=\"text-align: center;\"><img src=\"../../upload/5465768799.jpg\" alt=\"\" width=\"300\" height=\"389\" /></p>\r\n<p>&nbsp;</p>'),
(54, 17, 60, 'Pice915a563-1404-456b-8359-dc41dbc76bac.jpg', 'منو', '<p><img style=\"display: block; margin-left: auto; margin-right: auto;\" src=\"../../upload/6787799.jpg\" alt=\"\" width=\"297\" height=\"446\" /></p>\r\n<p><img style=\"display: block; margin-left: auto; margin-right: auto;\" src=\"../../upload/435465677.jpg\" alt=\"\" width=\"300\" height=\"416\" /></p>'),
(55, 17, 67, '979688756.jpg', 'مدیر هتل', '<p><img style=\"display: block; margin-left: auto; margin-right: auto;\" src=\"../../upload/979688756.jpg\" alt=\"\" width=\"300\" height=\"200\" /></p>\r\n<p style=\"text-align: center;\"><span style=\"font-size: 14pt;\"><strong>مدیرهتل: جناب آقای علیپور</strong></span></p>\r\n<p style=\"text-align: center;\"><span style=\"font-size: 14pt;\"><strong>شماره تماس :09355837787</strong></span></p>\r\n<p style=\"text-align: center;\"><span style=\"font-size: 14pt;\"><strong>داخلی دفتر مدیریت :150</strong></span></p>'),
(56, 18, 68, 'images9848.jpg', 'تماس', '<p><span style=\"font-size: 16pt;\"><strong>داخلی 501</strong></span></p>'),
(57, 18, 69, 'images9848.jpg', 'تماس', '<p><span style=\"font-size: 16pt;\"><strong>داخلی 500</strong></span></p>'),
(58, 18, 69, 'Pice915a563-1404-456b-8359-dc41dbc76bac.jpg', 'منو', '<p>.</p>'),
(59, 18, 71, 'images9848.jpg', 'تماس', '<p><span style=\"font-size: 16pt;\"><strong>داخلی 0-200</strong></span></p>'),
(60, 18, 72, 'images9848.jpg', 'تماس', '<p><span style=\"font-size: 16pt;\"><strong>داخلی 2</strong></span></p>'),
(61, 18, 73, 'images9848.jpg', 'تماس', '<p><span style=\"font-size: 16pt;\"><strong>09347690939</strong></span></p>');

-- --------------------------------------------------------

--
-- Table structure for table `tblgallery`
--

CREATE TABLE `tblgallery` (
  `id` int(11) NOT NULL,
  `img` varchar(300) COLLATE utf8_persian_ci NOT NULL,
  `alt` varchar(300) COLLATE utf8_persian_ci NOT NULL,
  `description` varchar(300) COLLATE utf8_persian_ci NOT NULL,
  `id_hotel` int(11) NOT NULL,
  `enabel` int(11) DEFAULT '1'
) ENGINE=InnoDB DEFAULT CHARSET=utf8 COLLATE=utf8_persian_ci;

--
-- Dumping data for table `tblgallery`
--

INSERT INTO `tblgallery` (`id`, `img`, `alt`, `description`, `id_hotel`, `enabel`) VALUES
(1, '1.jpeg', 'd', 'dfs', 3, 1),
(2, '7.jpg', 'gfh', 'ggh', 3, 1),
(5, 'send.png', 'رستوران لاله', 'رستوران لاله در هتل ارام کیش', 11, 1),
(6, '767.jpg', 'گامبرون', '.', 13, 1),
(7, '6767.jpg', 'گامبرون', '.', 13, 1),
(8, '999.jpg', 'گامبرون', '.', 13, 1),
(9, 'about.jpg', 'gfh', 'dfs', 0, 0),
(10, 'Untitled.gif', 'مینی بار', 'مینی بار', 0, 0),
(11, '0.jpg', 'منو کافی شاپ', 'منو کافی شاپ', 0, 0),
(12, 'مروارید.jpg', 'بازار مروارید', 'بازار مروارید', 0, 1),
(13, '4.jpg', 'هتل پارمیدا', 'هتل پارمیدا', 14, 1),
(14, 'photo_۲۰۱۸-۰۸-۰۲_۱۲-۴۴-۵۸.jpg', 'اتاق های هتل پارمیدا', 'اتاق های هتل پارمیدا', 14, 1),
(15, 'IMG_8327.jpg', 'منو پارمیدا رستوران1', 'منو', 0, 0),
(16, 'IMG_8329.jpg', 'منو 2', 'منو', 0, 0),
(17, 'IMG_8330.jpg', 'منو', 'منو', 0, 0),
(18, 'IMG_8328.jpg', 'مینی بار', '.', 0, 0),
(19, 'HOTELSEE187644444.jpg', 'منو راهنما', 'منو', 0, 0),
(21, 'image00.jpg', 'منو', '.', 0, 0),
(22, '87876.jpg', 'منو', '.', 0, 0),
(24, '4667687.jpg', 'منو', '.', 0, 0),
(25, '3ق4433.jpg', 'منو', '.', 0, 0),
(26, '465656.jpg', 'منو', '.', 0, 0),
(27, '65767.jpg', 'منو', '.', 0, 0),
(28, '56578.jpg', 'منو', '.', 0, 0),
(29, '56789.jpg', 'منو', '.', 0, 0),
(30, '546576.jpg', 'منو', '.', 0, 0),
(31, '5676788.jpg', 'منو', '.', 0, 0),
(32, '076765.jpg', 'منو', '.', 0, 0),
(33, '545465.jpg', 'منو', '.', 0, 0),
(34, '576576.jpg', 'منو', '.', 0, 0),
(35, '664654.jpg', 'منو', '.', 0, 0),
(37, '1.jpg', 'منو', '.', 0, 0),
(38, '6765765555.jpg', 'منو', '..', 0, 0),
(39, '676654578.jpg', 'منو', '.', 0, 0),
(40, 'مینی بار.jpg', 'مینی بار', '..', 0, 0),
(41, '354354.jpg', 'منو کافی شاپ', 'منو', 0, 0),
(44, '56567684.jpg', 'منو', '.', 0, 0),
(45, '435465677.jpg', 'منو', '.', 0, 0),
(46, '5465768799.jpg', 'منو', '..', 0, 0),
(47, '9879875675.jpg', 'منو', '.', 0, 0),
(48, '6787799.jpg', 'منو', '.', 0, 0),
(49, '979688756.jpg', 'مدیر', '.', 0, 0);

-- --------------------------------------------------------

--
-- Table structure for table `tbljastlink`
--

CREATE TABLE `tbljastlink` (
  `id` int(11) NOT NULL,
  `title` varchar(300) COLLATE utf8_persian_ci NOT NULL,
  `link` varchar(300) COLLATE utf8_persian_ci NOT NULL
) ENGINE=InnoDB DEFAULT CHARSET=utf8 COLLATE=utf8_persian_ci;

-- --------------------------------------------------------

--
-- Table structure for table `tblkhadamat`
--

CREATE TABLE `tblkhadamat` (
  `id` int(11) NOT NULL,
  `id_hotel` int(11) NOT NULL,
  `category` varchar(300) COLLATE utf8_persian_ci NOT NULL,
  `name` varchar(300) COLLATE utf8_persian_ci NOT NULL,
  `phone` varchar(300) COLLATE utf8_persian_ci NOT NULL,
  `khadamat` text COLLATE utf8_persian_ci,
  `location` varchar(300) COLLATE utf8_persian_ci NOT NULL,
  `roles` text COLLATE utf8_persian_ci,
  `img` varchar(300) COLLATE utf8_persian_ci NOT NULL,
  `img_menu` varchar(300) COLLATE utf8_persian_ci DEFAULT NULL,
  `mobile` bigint(11) DEFAULT '0',
  `sms_notification` int(11) DEFAULT '0'
) ENGINE=InnoDB DEFAULT CHARSET=utf8 COLLATE=utf8_persian_ci;

--
-- Dumping data for table `tblkhadamat`
--

INSERT INTO `tblkhadamat` (`id`, `id_hotel`, `category`, `name`, `phone`, `khadamat`, `location`, `roles`, `img`, `img_menu`, `mobile`, `sms_notification`) VALUES
(1, 3, 'restuarant', 'tre', '43543', 'rtet', 'tre', 'terte', '1_BD_440x200_Gift_April18._CB502503690_.jpg', '1_BD_440x200_Gift_April18._CB502503690_.jpg#*', 4353, 1),
(4, 3, 'parking', 'da', 'da', 'da', 'da', 'faf', '2_.jpg', '2.jpg#*2_.jpg#*2_DB_440x200_Women_Accessories_April18._CB502513614_.jpg#*', NULL, 1),
(5, 7, '2', 'tre', '43543', 'gfd', 'tre', 'fgd', 'car.png', 'hotel-256.png#*hotel-clipart-transparent-6.png#*', 4353, 1),
(6, 8, '3', 'sdada', '43543', 'dsad', 'hjg', 'hjghj', 'car.png', 'flag-en.png#*', NULL, 1),
(7, 11, '5', 'رستوران لاله', '1313-132-313', 'صبحانه - شام -ناهار -عصرانه', 'شرق هتل', '', 'pay.png', 'pay.png#*pinterest.png#*send.png#*takhfif.png#*', 2147483647, 1),
(8, 13, '6', 'bفازکافی شاپ ', 'داخلی 85', 'تمامی خدمات مربوط به کافی شاپ ارائه میگردد', 'واقع در سمت چپ ورودی فازBهتل گامبرون داخل لابی', '', '5465.jpg', NULL, 2147483647, 1),
(9, 13, '7', 'حناکاری و بافت مو', '09170509996', 'حک کردن انواع نقش های حنا و انواع بافت مو', 'هتل گامبرون', '', '87878.jpg', '876878.jpg#*', 9170509996, 1),
(10, 13, '8', 'رستوران', '09302679110', '', 'Aفاز', '', '88789.jpg', '88789.jpg#*', 0, 0),
(11, 13, '13', 'لاندری', 'داخلی 95', 'شستوشوی لباس های چرک ', 'هتل گامبرون', '', 'nice-day-laundry787989.jpg', '', 0, 0),
(12, 13, '15', 'پذیرش', 'داخلی 100-داخلی 300', 'پذیرش مسافران عزیز', 'وردی هتل', '', 'Writing-Articles-for-Article-Marketing-thumb2.png', '', NULL, 0),
(13, 13, '17', 'خانه داری', 'داخلی 95', 'نظافت کردن اتاق های هتل ', 'هتل گامبرون', '', 'logo.jpg', '', NULL, 0),
(14, 13, '10', 'عکاسی', '09356563590-09157094216', 'ثبت لحظات زیبای شما ', 'هتل گامبرون', '', 'images.png', '', NULL, 0),
(16, 14, '20', 'رستوران1', '000000', 'رستوران شماره 1 :\r\n\r\nرستوران با ظرفیت 170 نفر واقع در طبقه همکف با کادری مجرب ، دکوراسیون مجلل و منوهای غذائی متنوع ایرانی و فرنگی که در نوع خود بی نظیر است بدون شک لذت پذیرائی در این رستوران را سال های سال  در خاطره میهمانان به یادگار خواهد گذاشت.\r\n\r\nاین رستوران پذیرای میهمانان جهت صرف صبحانه و ناهار می باشد .', 'واقع در طبقه همکف ', '', 'photo_2017-06-09_13-30-34-768x512.jpg', '', NULL, 0),
(17, 14, '20', 'رستوران2', '000000', 'رستوران شماره 2:\r\n\r\nبا ظرفیت 320 نفر با کادری مجرب دکوراسیون خاص و منوی غذاهای سنتی ایرانی یاداور خاطره های گذشته میباشد.', 'واقع در طبقه 1-', '', 'photo_۲۰۱۷-۰۴-۲۹_۱۶-۳۶-۱۹-768x512.jpg', NULL, NULL, 0),
(18, 14, '29', 'کافی شاپ', '622', 'ارائه کلیه خدمات مربوط به کافی شاپ ', 'واقع در لابی ', '', '177400_127b8.jpg', NULL, 622, 0),
(19, 14, '22', 'عکاسی', '623', 'جهت گرفتن عکس رایگان 24 ساعت قبل از خروج به واحد عکاسی مراجعه شود.', 'واقع در لابی', '', '974.jpg', '', 623, 0),
(20, 14, '26', 'اجاره خودرو', '09122182100-93476991888', 'اجاره خودرو', 'هتل پارمیدا', '', 'IMAGE634839284956153127.jpg', '', 9122182100, 0),
(21, 14, '42', 'لمکده', '0', 'قلیان-چای-نوشیدنی و...', ' واقع در باغچه آلاچیق های محوطه', '', 'IMG_2498.jpg', NULL, 0, 0),
(22, 14, '24', 'پذیرش', '600-601-602-603', 'پذیرش مهمانان عزیز', 'واقع در لابی', 'ساعت تحویل اتاق به میهمانان گرامی ساعت 14 میباشد.\r\n\r\nساعت تخلیه اتاق و تحویل آن از میهمانان گرامی ساعت 12 می باشد.امکان دریافت نیم شارژ (با هماهنگی پذیرش) و استفاده از جامه دان هتل برای نگهداری از وسایل میهمانان گرامی به صورت رایگان میسر است.در صورت تخلیه نکردن به موقع اتاق، هزینه نیم شارژ براساس نرخ برد هتل به صورت سیستمی شارژ خواهد شد.\r\n\r\nدر اتاق های دو تخته در نهایت یک سرویس اضافه میتوان افزود.\r\n\r\nبه کودکان زیر پنج سال هزینه ای اعم از سرویس اضافه،صبحانه و ناهار تعلق نخواهد گرفت.\r\n\r\nکودکان بالای پنج سال بزرگسال محسوب شده و همانند هزینه بزرگسال برایشان محاسبه و دریافت خواهد شد.\r\n\r\nداخل سوییت های دو خوابه میتوان دو سرویس اضافه کرد در صورتی که نفر چهارم زیر 15 سال باشد.\r\n\r\nامکان تعیین و یا تغییر اتاق قدیمی اعم از نوع شماره،طبقه،محل قرارگیری،نمای پنجره قبل از ورود و…در هنگام رزرو وجود ندارد.', 'hotel logo org.jpg', '', 0, 0),
(23, 14, '23', 'استخر', '0', 'استخر و سونا', 'واقع در طبقه 1-', '', '3.jpg', '', NULL, 0),
(24, 13, '14', 'گردشگری', '625', '.', 'هتل پارمیدا', '', 'images6789.png', '', 0, 0),
(25, 14, '25', 'گردشگری', '0', '.', 'هتل پارمیدا', '', 'images6789.png', '', 0, 0),
(26, 14, '27', 'لاندری', '0', '.', 'هتل پارمیدا', '', 'images7878.jpg', '', 0, 0),
(27, 14, '30', 'ماساژ', '0', 'انواع ماساژ در استخر', 'واقع در استخر طبقه 1-', '', 'photo_۲۰۱۸-۰۸-۰۲_۱۲-۴۶-۴۰.jpg', '', 0, 0),
(28, 14, '31', 'جامدان', '0', '', 'واقع در لابی', '', 'images55677.jpg', '', 0, 0),
(29, 14, '41', 'نمازخانه', '0', '', 'واقع در طبقه 1', '', '9599165982991121304221211412713040202152.jpg', '', 0, 0),
(30, 14, '28', 'خانه داری', '0', '', 'هتل پارمیدا', '', 'logo.jpg', '', 0, 0),
(31, 14, '43', 'زمین تنیس', '0', 'استفاده از زمین تنیس یه صورت رایگان', 'محوطه هتل-زمین تنیس', '', '767767.jpg', '', 0, 0),
(32, 16, '32', 'عکاسی', '000', 'جهت گرفتن عکس رایگان 24 ساعت قبل با این واحد هماهنگ شود.', 'واقع در محوطه-کلبه عکس', '', 'images.png', NULL, 0, 0),
(33, 16, '33', 'رستوران', '000', '.', 'وردی هتل واقع در سمت راست', '', 'htl_81b0dba5-1dc2-41ad-8e09-dc4b61f8f5e7.jpg', NULL, 0, 0),
(34, 15, '44', 'عکاسی', '00', 'برای هر اتاق یک عکس رایگان می باشد.', 'واقع در لابی', '', 'index00010.png', NULL, NULL, 0),
(35, 15, '45', 'گردشگری', '441', 'کلیه خدمات مربوط به گردشگری ارایه می شود.', 'واقع در لابی جنب پذیرش', '', 'images6789.png', '', NULL, 0),
(36, 15, '54', 'ماساژ', '417', '', 'واقع در استخر طبقه -1', '', '13228_647.jpg', NULL, NULL, 0),
(37, 15, '57', 'استخر', '417', '', 'واقع در طبقه -1', '', 'اعلام_سانس_استخر_دانشگاه_آزاد_شهرضا.png', '', NULL, 0),
(38, 15, '56', 'حناکاری و بافت مو', '400', '', 'محوطه هتل -باغ شایگان', '', '30830768_169434173756566_1474198115048226816_n.jpg', '', NULL, 0),
(39, 15, '50', 'کافی شاپ', '405', '', 'واقع در لابی', '', 'index6.jpg', '', NULL, 0),
(40, 15, '46', 'خانه داری', '500-300', '', 'واقع در طبقه 2', '', 'logo.jpg', '', NULL, 0),
(41, 15, '53', 'لاندری', '413', '', 'واقع در طبقه -1', '', 'images7878.jpg', '', NULL, 0),
(42, 15, '48', 'اجاره خودرو', '0', '', 'واقع در لابی', '', 'a2b808bbbad99984d38bf9a2a245dc6957668.jpg', '', NULL, 0),
(43, 15, '47', 'پذیرش', '0', '', 'واقع در لابی', '', 'Writing-Articles-for-Article-Marketing-thumb2.png', '', NULL, 0),
(44, 16, '38', 'کافی شاپ', '340', '', 'واقع در لابی', '', 'index6.jpg', '', NULL, 0),
(45, 16, '34', 'اجاره خودرو', '340', '', 'واقع در محوطه', '', 'a2b808bbbad99984d38bf9a2a245dc6957668.jpg', '', NULL, 0),
(46, 16, '37', 'خانه داری', '390', '', 'واقع درمحوطه', '', 'logo.jpg', '', NULL, 0),
(47, 16, '39', 'گردشگری', '360', '', 'واقع در لابی', '', 'images6789.png', '', NULL, 0),
(48, 16, '36', 'لاندری', '0-340-341', '', 'واقع در لابی', '', 'images7878.jpg', '', NULL, 0),
(49, 16, '35', 'پذیرش', '0-340-341', '', 'واقع در لابی', '', 'Writing-Articles-for-Article-Marketing-thumb2.png', NULL, NULL, 0),
(50, 16, '58', 'لمکده', '340', '', 'واقع درمحوطه', '', '2e.jpg', '', NULL, 0),
(51, 16, '59', 'اجاره دوچرخه', '340', 'اجاره دوچرخه ', 'واقع درمحوطه', '', '75765.png', '', NULL, 0),
(52, 16, '60', 'جامدان', '0-340-341', 'نگهداری از چمدان های مهمانهای عزیز', 'واقع درمحوطه', '', 'images.jpg', '', NULL, 0),
(53, 15, '51', 'رستوران', '444', '', 'واقع در لابی', '', 'Shaygan_Restaurant_Gallery_012-1024x1024.jpg', '', NULL, 0),
(54, 15, '52', 'رستوران برزیلی', '0', '.', 'واقع درمحوطه', '', '3bc53979-e28a-4650-8761-4fd8c65e8a0f.jpg', '', NULL, 0),
(55, 15, '49', 'کافه گاردن', '0', '', 'واقع درمحوطه', '', 'Kish-Shaygan Hotel - View & Garden-3 (Copy).jpg', '', NULL, 0),
(56, 15, '55', 'نمازخانه', '0', '', 'واقع در طبقه -1', '', '9599165982991121304221211412713040202152.jpg', '', NULL, 0),
(57, 17, '61', 'عکاسی', '0', '', 'واقع در لابی', '', 'index00010.png', '', 0, 0),
(58, 17, '69', 'رستوران', '156', '', 'واقع در لابی', '', 'لوگو-رستوان-و-غذا-خوری.jpg', '', NULL, 0),
(59, 17, '62', 'گردشگری', '177', '', 'واقع در لابی', '', 'images6789.png', '', NULL, 0),
(60, 17, '63', 'کافی شاپ', '157', '', 'واقع در لابی', '', 'index6.jpg', '', NULL, 0),
(61, 17, '64', 'لمکده', '9', '', 'واقع درمحوطه', '', '894684131_1505568742_562591689_1496063917__620-450-frt.jpg', '', NULL, 0),
(62, 17, '67', 'پذیرش', '9-0', '-اتاق چمدان بار میهمانان به صورت رایگان پذیرش می شود.      \r\n       -اینترنت به صورت رایگان در اختیار مهمانان قرار می گیرد.        \r\n         -فرزند زیر 5 سال به صورت رایگان پذیرش می شود و در صورت درخواست تشک بچه داخل اتاق  به صورت رایگان  قرار داده میشود.\r\n\r\n', 'واقع در لابی', 'ساعت 14\r\ncheck-in :\r\nساعت 12\r\n\r\ncheck-out:\r\n\r\n\r\n-نیم شارژ اتاق تا ساعت 19 نصف نرخ روی برد با هماهنگی پذیرش .\r\n\r\n-ورود و خروج به هتل 24 ساعته ازاد می باشد.\r\n\r\n-استعمال دخانیات در اتاق ممنوع می باشد.', 'Writing-Articles-for-Article-Marketing-thumb2.png', NULL, NULL, 0),
(63, 17, '66', 'لاندری', '175', '', 'طبقات', '', 'images7878.jpg', '', NULL, 0),
(64, 17, '68', 'اجاره خودرو', '0', '', 'واقع در لابی', '', 'IMAGE634839284956153127.jpg', '', NULL, 0),
(65, 17, '65', 'خانه داری', '0', '', 'واقع در طبقات', '', 'logo.jpg', '', NULL, 0),
(66, 17, '70', 'نمازخانه', '0', '', 'واقع در لابی', '', '9599165982991121304221211412713040202152.jpg', '', NULL, 0),
(67, 17, '71', 'مدیران', '09355837787', '', 'دفتر مدیریت', '', '979688756.jpg', '', NULL, 0),
(68, 18, '72', 'کافی شاپ', '0', '.', 'واقع در لابی', '', 'index6.jpg', '', NULL, 0),
(69, 18, '73', 'رستوران', '500', '.', 'واقع در لابی', '', '436576fhghg.jpg', NULL, NULL, 0),
(70, 18, '82', 'باغچه سنتی', '0', '', 'جنب هتل -فضای سبز ', '', 'IMG_2498.jpg', '', NULL, 0),
(71, 18, '79', 'پذیرش', '200-0', '.', 'واقع در لابی', '', 'Writing-Articles-for-Article-Marketing-thumb2.png', '', NULL, 0),
(72, 18, '78', 'خانه داری', '2', '', 'هتل سانرایز', '', 'logo.jpg', '', NULL, 0),
(73, 18, '81', 'مدیران', '0', '.', 'دفتر مدیریت', '', '2.png', '', NULL, 0);

-- --------------------------------------------------------

--
-- Table structure for table `tbllink`
--

CREATE TABLE `tbllink` (
  `id` int(11) NOT NULL,
  `img` varchar(300) COLLATE utf8_persian_ci NOT NULL,
  `link` varchar(300) COLLATE utf8_persian_ci NOT NULL,
  `title` varchar(300) COLLATE utf8_persian_ci NOT NULL,
  `description` text COLLATE utf8_persian_ci NOT NULL,
  `alt` varchar(300) COLLATE utf8_persian_ci NOT NULL,
  `id_hotel` int(11) DEFAULT NULL,
  `status` varchar(300) COLLATE utf8_persian_ci DEFAULT NULL
) ENGINE=InnoDB DEFAULT CHARSET=utf8 COLLATE=utf8_persian_ci;

--
-- Dumping data for table `tbllink`
--

INSERT INTO `tbllink` (`id`, `img`, `link`, `title`, `description`, `alt`, `id_hotel`, `status`) VALUES
(3, '999.jpg', 'dsf', 'گامبرون', 'گامبرون', 'هتل گامبرون ', 13, 'index'),
(4, '11111111.jpg', 'dsf', 'گامبرون', 'ds', 'هتل گامبرون', 13, 'index'),
(6, 'download.png', 'dsf', 'fsd', 'رطذ', 'ر', 7, 'index'),
(7, 'hotel2.jpg', 'http://hotelsee.ir', 'بیلط های چارتری', 'یبش', 'بیلط های چارتری', 11, 'index'),
(10, 'almamzar-beach-main.jpg', 'http://hotelsee.ir', 'کیش جزیره رویایی', '.', '.', 0, 'index'),
(11, 'PARK-MARJAN-KISH-1024x677.jpg', 'http://hotelsee.ir', 'ساحل مرجان کیش', '.', '.', 0, 'index'),
(12, '13930916100011651_PhotoL.jpg', 'http://hotelsee.ir', 'کشتی یونانی', '.', '.', 0, 'index'),
(13, '6567.jpg', 'http://hotelsee.ir', 'کیش', '.', '.', 0, 'index'),
(18, '4545.jpg', 'http://hotelsee.ir', 'گامبرون', 'گامبرون', 'هتل گامبرون', 13, NULL),
(19, 'مروارید.jpg', 'http://hotelsee.ir', 'مرکز خریدمروارید', 'مرکز خریدمروارید', 'مرکز خریدمروارید', 0, 'index'),
(20, 'WWW_AKSGIF_IR_Animated_seaNatureGiF_تصاویر_متحرک_دریا48.gif', 'http://hotelsee.ir', 'دریا', 'دریا', 'دریا', 0, 'index'),
(21, 'parmida-galeri-58.jpg', 'http://hotelsee.ir', 'هتل پارمیدا', 'هتل پارمیدا', 'هتل پارمیدا اقامت خوشی را برای شما آرزومند هست', 14, NULL),
(22, 'parmida-galeri-15-1.jpg', 'http://hotelsee.ir', 'استخر هتل پارمیدا', 'نمایی از استخر هتل پارمیدا', 'استخر هتل پارمیدا', 14, NULL),
(23, 'photo_۲۰۱۸-۰۸-۰۲_۱۲-۴۵-۱۲.jpg', 'http://hotelsee.ir', 'هتل پارمیدا', 'هتل پارمیدا', 'هتل پارمیدا', 14, NULL),
(24, 'photo_۲۰۱۸-۰۸-۰۲_۱۲-۴۴-۵۴.jpg', 'http://hotelsee.ir', 'هتل پارمیدا', 'هتل پارمیدا', 'هتل پارمیدا', 14, NULL),
(25, 'photo_۲۰۱۸-۰۸-۰۲_۱۲-۴۶-۴۴.jpg', 'http://hotelsee.ir', 'هتل پارمیدا', 'هتل پارمیدا', 'هتل پارمیدا', 14, NULL),
(26, 'photo_۲۰۱۸-۰۸-۰۲_۱۲-۴۶-۴۰.jpg', 'http://hotelsee.ir', 'هتل پارمیدا', 'هتل پارمیدا', 'هتل پارمیدا', 14, NULL),
(27, '5.jpg', 'http://hotelsee.ir', 'هتل پارمیدا', 'هتل پارمیدا', 'هتل پارمیدا', 14, NULL),
(28, 'image2.jpg', 'hotelsee.ir', 'هتل هلیا', 'هتل هلیا', 'هتل هلیا', 16, NULL),
(29, '09878656644.jpg', 'http://hotelsee.ir', 'هتل هلیا', 'هتل هلیا', 'هتل هلیا', 16, NULL),
(30, '2e.jpg', 'http://hotelsee.ir', 'هتل هلیا', 'هتل هلیا', 'هتل هلیا', 16, NULL),
(31, 'Kish-Shaygan Hotel - View & Garden-10 (Copy).jpg', 'http://hotelsee.ir', 'هتل شایگان', 'هتل شایگان', 'هتل شایگان', 15, NULL),
(32, 'Kish-Shaygan Hotel - Lobby , Recebtion , Corridor , Elevator-5 (Copy).jpg', 'http://hotelsee.ir', 'لابی', 'لابی', 'لابی', 15, NULL),
(33, 'Kish-Shaygan Hotel - SportComplex-14 (Copy).jpg', 'http://hotelsee.ir', 'استخر', 'استخر ', 'استخر', 15, NULL),
(34, 'Kish-Shaygan Hotel - SportComplex-1 (Copy).jpg', 'http://hotelsee.ir', 'هتل شایگان', 'هتل شایگان', 'هتل شایگان', 15, NULL),
(35, 'Kish-Shaygan Hotel - View & Garden-16 (Copy).jpg', 'http://hotelsee.ir', 'هتل شایگان', 'هتل شایگان', 'هتل شایگان', 15, NULL),
(36, 'IMG_6870_1_2_3_4 (Copy).jpg', 'http://hotelsee.ir', 'هتل شایگان', 'هتل شایگان', 'هتل شایگان', 15, NULL),
(37, 'IMG_7651_2_3_4_5 (Copy).jpg', 'http://hotelsee.ir', 'هتل شایگان', 'هتل شایگان', 'هتل شایگان', 15, NULL),
(38, 'IMG_6974_5_6_7_8 (Copy).jpg', 'http://hotelsee.ir', 'هتل شایگان', 'هتل شایگان', 'هتل شایگان', 15, NULL),
(39, 'Kish-Shaygan Hotel - Lobby , Recebtion , Corridor , Elevator-10 (Copy).jpg', 'http://hotelsee.ir', 'هتل شایگان', 'هتل شایگان', 'هتل شایگان', 15, NULL),
(40, 'Kish-Shaygan Hotel - View & Garden-22 (Copy).jpg', 'http://hotelsee.ir', 'هتل شایگان', 'هتل شایگان', 'هتل شایگان', 15, NULL),
(41, '57481911.jpg', 'http://hotelsee.ir', 'کیش جزیره رویایی', 'کیش جزیره رویایی', 'کیش جزیره رویایی', 0, 'index'),
(42, 'Eskele_Kish.jpg.870x342_q85_crop_upscale.jpg', 'http://hotelsee.ir', 'اسکله ', 'اسکله ', 'اسکله تفریحی', 0, 'index'),
(43, '1026-1.jpg', 'http://hotelsee.ir', 'پارک کیش', 'پارک کیش', 'پارک کیش', 0, 'index'),
(44, 'Fun-in-Kish-Island-3.jpg', 'http://hotelsee.ir', 'کیش جزیره رویایی', 'کیش جزیره رویایی', 'کیش جزیره رویایی', 0, 'index'),
(45, 'TI.mp4', 'http://hotelsee.ir', 'wer', 'ewrr', 'wer', 0, 'index'),
(46, 'ghhhtgf.jpg', 'http://hotelsee.ir', 'هتل آرامش', 'هتل آرامش', 'هتل آرامش', 17, NULL),
(47, 'ttytttrrf.jpg', 'http://hotelsee.ir', 'هتل آرامش', 'هتل آرامش', 'هتل آرامش', 17, NULL),
(48, 'yhygjhf.jpg', 'http://hotelsee.ir', 'هتل آرامش', 'هتل آرامش', 'هتل آرامش', 17, NULL),
(49, 'WWW_AKSGIF_IR_Animated_seaNatureGiF_تصاویر_متحرک_دریا48.gif', 'http://hotelsee.ir', 'کیش جزیره رویایی', 'کیش جزیره رویایی', 'کیش جزیره رویایی', 0, 'hotel'),
(50, 'WWW_AKSGIF_IR_Animated_seaNatureGi_تصاویر_متحرک_دریاcliffdivers.gif', 'http://hotelsee.ir', 'کیش جزیره رویایی', 'کیش جزیره رویایی', 'کیش جزیره رویایی', 0, 'hotel'),
(51, '653542.jpg', 'http://hotelsee.ir', 'هتل سانرایز', 'هتل سانرایز', 'هتل سانرایز', 18, NULL),
(52, '42421321.jpg', 'http://hotelsee.ir', 'هتل سانرایز', 'هتل سانرایز', 'هتل سانرایز', 18, NULL),
(53, '786352432.jpg', 'http://hotelsee.ir', 'هتل سانرایز', 'هتل سانرایز', 'هتل سانرایز', 18, NULL),
(54, '35436547657.jpg', 'http://hotelsee.ir', 'هتل سانرایز', 'هتل سانرایز', 'هتل سانرایز', 18, NULL);

-- --------------------------------------------------------

--
-- Table structure for table `tblmessage`
--

CREATE TABLE `tblmessage` (
  `id` int(11) NOT NULL,
  `id_hotel` int(11) DEFAULT NULL,
  `id_user` int(11) NOT NULL DEFAULT '-1',
  `text` text COLLATE utf8_persian_ci NOT NULL,
  `visit` int(11) NOT NULL DEFAULT '0'
) ENGINE=InnoDB DEFAULT CHARSET=utf8 COLLATE=utf8_persian_ci;

--
-- Dumping data for table `tblmessage`
--

INSERT INTO `tblmessage` (`id`, `id_hotel`, `id_user`, `text`, `visit`) VALUES
(1, 0, 33, 'fs', 0),
(2, 0, 33, 'cxdsfsds', 0),
(3, 0, 33, 'sdffsfsf', 0),
(4, 0, 33, 'jkhhhhhhhhhhhhhhh', 0),
(5, 0, 33, 'ads', 0),
(6, 0, 33, 'dfsd', 0),
(7, 0, 33, 'zxzxc', 0),
(9, 7, 33, 'dwde', 1),
(10, 7, 33, 'fef', 1),
(11, 0, 32, 'dsada', 0),
(12, 0, 32, 'ااا', 0),
(13, 7, 32, 'Sacccvb', 1),
(17, 0, 46, 'سلام', 0),
(18, 0, 43, 'خ عالیشوندی دست مریزاد', 0),
(19, 0, 43, 'غغعغهعهعخهخ', 0),
(20, 0, 43, 'منئمندنمدخدختد', 0),
(24, 0, 43, 'In az ghesmat barname ersal miahe', 0),
(27, 0, -1, 'gggg', 0),
(28, 0, -1, 'سیی', 0),
(31, 0, 51, 'خالبل', 0),
(32, 0, 92, 'بتلیختلبعتبی', 0),
(33, 0, 51, 'ههه', 0),
(34, 0, -1, 'هتل شايگان بسيار عالى و تميز بود و خيلي راضى بودم', 0);

-- --------------------------------------------------------

--
-- Table structure for table `tblpost`
--

CREATE TABLE `tblpost` (
  `id` int(11) NOT NULL,
  `title` varchar(300) COLLATE utf8_persian_ci NOT NULL,
  `descriptipn` varchar(300) COLLATE utf8_persian_ci NOT NULL,
  `meta` varchar(300) COLLATE utf8_persian_ci NOT NULL,
  `keyword` varchar(300) COLLATE utf8_persian_ci NOT NULL,
  `text` text COLLATE utf8_persian_ci NOT NULL,
  `id_cat` int(11) NOT NULL,
  `enable` int(11) DEFAULT '1'
) ENGINE=InnoDB DEFAULT CHARSET=utf8 COLLATE=utf8_persian_ci;

--
-- Dumping data for table `tblpost`
--

INSERT INTO `tblpost` (`id`, `title`, `descriptipn`, `meta`, `keyword`, `text`, `id_cat`, `enable`) VALUES
(2, 'راهنمای ثبت نام کاربر', 'راهنمای ورود و ثبت نام در هتل مورد نظر', 'تماس با ما', 'تماس با ما', '<p><img style=\"display: block; margin-left: auto; margin-right: auto;\" src=\"../../upload/HOTELSEE187644444.jpg\" alt=\"\" width=\"300\" height=\"427\" />تماس با ما</p>', 1, 1),
(3, 'قوانین', 'قوانین', 'قوانین', 'قوانین', 'قوانین', 0, 1),
(4, 'درباره ما', 'درباره ما', 'درباره ما', 'درباره ما', 'درباره ما', 0, 1),
(6, 'د', 'dfgd', 'gfdf', 'gdfgd', '<p>توضیحاتی در مورد بلیط های چارتری</p>\r\n\r\n\r\n<a>https://www.google.com/</a>', 9, 1),
(9, 'چارتری', 'چارتری', 'www.chrter.ir', 'charter.ir', '<p><span style=\"font-size: 14pt;\"><a title=\"charter\" href=\"http://www.charter.ir\" target=\"_blank\">www.charter.ir</a></span></p>', 10, 1),
(10, 'تلفن های ضروری', 'لیست تمامی تلفن های ضروری جزیره زیبای کیش', 'تلفن های ضروری', 'تلفن های ضروری', '<p><br /><span style=\"font-size: 12pt; background-color: #ff0000;\"><span style=\"color: #000000;\">تلفن </span>&nbsp; &nbsp; &nbsp; &nbsp; &nbsp; &nbsp; &nbsp; &nbsp; &nbsp; &nbsp;عنوان</span><br /><span style=\"font-size: 12pt;\"><span style=\"color: #339966;\">0764&nbsp;</span> &nbsp; &nbsp; &nbsp; &nbsp; &nbsp; &nbsp; &nbsp; &nbsp; &nbsp; &nbsp; &nbsp; &nbsp; &nbsp;&nbsp; کد کیش</span><br /><span style=\"font-size: 12pt;\">0934 &nbsp; &nbsp; &nbsp; &nbsp; &nbsp; &nbsp; &nbsp; &nbsp; &nbsp; &nbsp; &nbsp; &nbsp;&nbsp; &nbsp;&nbsp; کد موبایل</span><br /><span style=\"font-size: 12pt;\">118 &nbsp; &nbsp; &nbsp; &nbsp; &nbsp; &nbsp; &nbsp; &nbsp; اطلاعات تلفن</span><br /><span style=\"font-size: 12pt;\">199 &nbsp; &nbsp; &nbsp; &nbsp; &nbsp; &nbsp; &nbsp; &nbsp; اطلاعات پرواز</span><br /><span style=\"font-size: 12pt;\">44443300 &nbsp; &nbsp; &nbsp; &nbsp;فرودگاه</span><br /><span style=\"font-size: 12pt;\">44422300 &nbsp; &nbsp; &nbsp; &nbsp;اطلاعات بندر گاه</span><br /><span style=\"font-size: 12pt;\">115 &nbsp; &nbsp; &nbsp; &nbsp; &nbsp; &nbsp; &nbsp; &nbsp; اوراژانس</span><br /><span style=\"font-size: 12pt;\">09347697100 &nbsp;اورژانس دريايي</span><br /><span style=\"font-size: 12pt;\">151 &nbsp; &nbsp; &nbsp; &nbsp; &nbsp; &nbsp; &nbsp; &nbsp;اورژانس دريايي با تلفن كيش</span><br /><span style=\"font-size: 12pt;\">141 &nbsp; &nbsp; &nbsp; &nbsp; &nbsp; &nbsp; &nbsp; &nbsp;حمل و نقل و ترافيك كيش (شكايات تاكسي ها)</span><br /><span style=\"font-size: 12pt;\">110 &nbsp; &nbsp; &nbsp; &nbsp; &nbsp; &nbsp; &nbsp; &nbsp;پلیس</span><br /><span style=\"font-size: 12pt;\">197 &nbsp; &nbsp; &nbsp; &nbsp; &nbsp; &nbsp; &nbsp; &nbsp;دفتر نظارت همگاني نيروي انتظامي</span><br /><span style=\"font-size: 12pt;\">44415635-7 &nbsp; &nbsp;كلانتري 11 مركزي (كمپ رحيمي)</span><br /><span style=\"font-size: 12pt;\">44431820-1 &nbsp; &nbsp;كلانتري 12 (ميرمهنا)</span><br /><span style=\"font-size: 12pt;\">44424011 &nbsp; &nbsp; &nbsp; گمرك سازمان در بندرگاه</span><br /><span style=\"font-size: 12pt;\">44442878 &nbsp; &nbsp; &nbsp; گمرك سازمان درفرودگاه &ndash; پروازهاي خارجي</span><br /><span style=\"font-size: 12pt;\">44423398 &nbsp; &nbsp; &nbsp; گمرك ايران در بندرگاه</span><br /><span style=\"font-size: 12pt;\">44443300 &nbsp; &nbsp; &nbsp; گمرك ايران در فرودگاه</span><br /><span style=\"font-size: 12pt;\">44422141-2 &nbsp; &nbsp;سازمان منطقه آزاد کیش</span><br /><span style=\"font-size: 12pt;\">44422675 &nbsp; &nbsp; &nbsp;روابط عمومي سازمان منطقه آزاد</span><br /><span style=\"font-size: 12pt;\">09347692576 كشتيراني والفجر</span><span style=\"font-size: 12pt;\">&nbsp;&nbsp;&nbsp; </span><br /><br /></p>', 3, 1),
(11, 'بازار مروارید', 'بازار مروارید', 'مروارید', 'مروارید', '<p><img style=\"display: block; margin-left: auto; margin-right: auto;\" src=\"../../upload/مروارید.jpg\" alt=\"l\" width=\"306\" height=\"193\" /></p>\r\n<p style=\"text-align: center;\"><span style=\"font-size: 11pt;\"><strong><span style=\"background-color: #008000;\">بازار بزرگ مروارید </span></strong></span></p>', 5, 1);

-- --------------------------------------------------------

--
-- Table structure for table `tblprofile`
--

CREATE TABLE `tblprofile` (
  `id` int(11) NOT NULL,
  `id_user` int(11) NOT NULL,
  `id_hotel` int(11) DEFAULT '-1',
  `name` varchar(300) COLLATE utf8_persian_ci NOT NULL,
  `lastname` varchar(300) COLLATE utf8_persian_ci NOT NULL,
  `mobile` varchar(300) COLLATE utf8_persian_ci NOT NULL,
  `rome_number` varchar(300) COLLATE utf8_persian_ci DEFAULT 'void',
  `count_peapel` int(11) DEFAULT '1',
  `img` varchar(300) COLLATE utf8_persian_ci DEFAULT 'void',
  `date_enter` date DEFAULT NULL,
  `date_exit` date DEFAULT NULL,
  `cod_manager` varchar(300) COLLATE utf8_persian_ci DEFAULT '0',
  `role` varchar(300) COLLATE utf8_persian_ci NOT NULL,
  `date_enter_id` varchar(300) COLLATE utf8_persian_ci DEFAULT 'void',
  `date_exit_ir` varchar(300) COLLATE utf8_persian_ci DEFAULT 'void',
  `username` varchar(300) COLLATE utf8_persian_ci NOT NULL,
  `phase` varchar(300) COLLATE utf8_persian_ci DEFAULT 'none'
) ENGINE=InnoDB DEFAULT CHARSET=utf8 COLLATE=utf8_persian_ci;

--
-- Dumping data for table `tblprofile`
--

INSERT INTO `tblprofile` (`id`, `id_user`, `id_hotel`, `name`, `lastname`, `mobile`, `rome_number`, `count_peapel`, `img`, `date_enter`, `date_exit`, `cod_manager`, `role`, `date_enter_id`, `date_exit_ir`, `username`, `phase`) VALUES
(51, 128, 13, 'jkdfs', 'dfs', '443214141', 'void', 1, 'void', NULL, NULL, 'void', 'employee', 'void', 'void', 'hale12', 'none'),
(52, 129, 13, 'بسی', 'یسب', '333', 'void', 1, 'void', NULL, NULL, '123456', 'employee', 'void', 'void', 'hale13', 'none'),
(53, 130, 14, 'fsd', 'fds', '333', 'void', 1, 'void', NULL, NULL, '123456', 'employee', 'void', 'void', 'hale17', 'none'),
(54, 131, 14, 'das', 'sd', '21332', 'void', 1, 'void', NULL, NULL, '1-14-18462', 'manager', 'void', 'void', 'hale37', 'none'),
(58, 138, 14, 'Layla', 'Poorkhani', '09146561899', 'void', 1, 'void', NULL, NULL, '288612', 'employee', 'void', 'void', 'Layla', 'none'),
(59, 139, 15, 'Layla', 'Poorkhani', '09146561899', 'void', 1, 'void', NULL, NULL, '288612', 'employee', 'void', 'void', 'Layla1', 'none'),
(60, 140, 14, 'kdjahfjka', 'fadjkfjka', '1321312', 'void', 1, 'void', NULL, NULL, '123456', 'employee', 'void', 'void', 'hale11', 'none'),
(61, 141, 15, 'محمد باقر', 'لاهوتي', '09125272991', 'void', 1, 'void', NULL, NULL, '1-15-8460', 'manager', 'void', 'void', 'mohammad', 'none'),
(62, 142, 16, 'amir', 'khazaei', '09354875469', 'void', 1, 'void', NULL, NULL, '1-16-14298', 'manager', 'void', 'void', 'amir', 'none'),
(63, 143, 16, 'jamil', 'jalili', '09334630061', 'void', 1, 'void', NULL, NULL, '123456', 'employee', 'void', 'void', 'jalili', 'none'),
(64, 144, 16, 'majid', 'amin', '09381577712', 'void', 1, 'void', NULL, NULL, '654321', 'employee', 'void', 'void', 'majid', 'none'),
(65, 145, 17, 'Ali', 'Alipour', '09355837787', 'void', 1, 'void', NULL, NULL, '1-17-10937', 'manager', 'void', 'void', 'Ali', 'none'),
(66, 148, 15, 'معین', 'شعبانی', '09386315666', 'void', 1, 'void', NULL, NULL, '1-15-8460', 'manager', 'void', 'void', 'moeiiin_sh', 'none'),
(71, 165, 14, 'احسان', 'نيكخو', '09142255949', ' 307', 2, 'void', '2018-09-21', '2018-09-24', '0-14-974556', 'user', '30/06/1397', '02/07/1397', 'ehsan.nick', 'none');

-- --------------------------------------------------------

--
-- Table structure for table `tblroom`
--

CREATE TABLE `tblroom` (
  `id` int(11) NOT NULL,
  `id_hotel` int(11) NOT NULL,
  `name` varchar(300) COLLATE utf8_persian_ci NOT NULL,
  `number` int(11) NOT NULL,
  `fill` int(11) DEFAULT '0'
) ENGINE=InnoDB DEFAULT CHARSET=utf8 COLLATE=utf8_persian_ci;

--
-- Dumping data for table `tblroom`
--

INSERT INTO `tblroom` (`id`, `id_hotel`, `name`, `number`, `fill`) VALUES
(26, 13, 'B', 101, 0),
(27, 13, 'B', 102, 0),
(28, 13, 'B', 103, 0),
(29, 13, 'B', 104, 0),
(30, 13, 'B', 105, 0),
(31, 13, 'B', 106, 0),
(32, 13, 'B', 107, 0),
(33, 13, 'B', 108, 0),
(34, 13, 'B', 109, 0),
(35, 13, 'B', 110, 0),
(36, 13, 'B', 112, 0),
(37, 13, 'B', 201, 0),
(38, 13, 'B', 202, 0),
(39, 13, 'B', 203, 0),
(40, 13, 'B', 204, 0),
(41, 13, 'B', 205, 0),
(42, 13, 'B', 206, 0),
(43, 13, 'B', 207, 0),
(44, 13, 'B', 208, 0),
(45, 13, 'B', 209, 0),
(46, 13, 'B', 210, 0),
(47, 13, 'B', 211, 0),
(48, 13, 'B', 212, 0),
(49, 13, 'B', 301, 0),
(51, 13, 'B', 303, 0),
(52, 13, 'B', 304, 0),
(53, 13, 'B', 305, 0),
(54, 13, 'B', 306, 0),
(55, 13, 'B', 307, 0),
(56, 13, 'B', 308, 0),
(57, 13, 'B', 309, 0),
(58, 13, 'B', 310, 0),
(59, 13, 'B', 311, 0),
(60, 13, 'B', 312, 0),
(61, 14, 'none', 101, 0),
(62, 14, 'none', 102, 0),
(63, 14, 'none', 103, 0),
(64, 14, 'none', 104, 0),
(65, 14, 'none', 105, 0),
(66, 14, 'none', 106, 0),
(67, 14, 'none', 107, 0),
(68, 14, 'none', 108, 0),
(69, 14, 'none', 109, 0),
(70, 14, 'none', 110, 0),
(71, 14, 'none', 111, 0),
(72, 14, 'none', 112, 0),
(73, 14, 'none', 113, 0),
(74, 14, 'none', 114, 0),
(75, 14, 'none', 116, 0),
(76, 14, 'none', 118, 0),
(77, 14, 'none', 120, 0),
(78, 14, 'none', 122, 0),
(79, 14, 'none', 124, 0),
(80, 14, 'none', 126, 0),
(81, 14, 'none', 128, 0),
(82, 14, 'none', 130, 0),
(83, 14, 'none', 201, 0),
(84, 14, 'none', 202, 0),
(85, 14, 'none', 203, 0),
(86, 14, 'none', 204, 0),
(87, 14, 'none', 205, 0),
(88, 14, 'none', 206, 0),
(89, 14, 'none', 207, 0),
(90, 14, 'none', 208, 0),
(91, 14, 'none', 209, 0),
(92, 14, 'none', 210, 0),
(93, 14, 'none', 211, 0),
(94, 14, 'none', 212, 0),
(95, 14, 'none', 213, 0),
(96, 14, 'none', 214, 0),
(97, 14, 'none', 216, 0),
(98, 14, 'none', 218, 0),
(99, 14, 'none', 301, 0),
(100, 14, 'none', 302, 0),
(101, 14, 'none', 303, 0),
(102, 14, 'none', 304, 0),
(103, 14, 'none', 305, 0),
(104, 14, 'none', 306, 0),
(105, 14, 'none', 307, 0),
(106, 14, 'none', 308, 0),
(107, 14, 'none', 309, 0),
(108, 14, 'none', 310, 0),
(109, 14, 'none', 311, 0),
(110, 14, 'none', 312, 0),
(111, 14, 'none', 313, 0),
(112, 14, 'none', 314, 0),
(113, 14, 'none', 316, 0),
(114, 14, 'none', 318, 0),
(115, 14, 'none', 320, 0),
(116, 14, 'none', 322, 0),
(117, 14, 'none', 401, 0),
(118, 14, 'none', 402, 0),
(119, 14, 'none', 403, 0),
(120, 14, 'none', 404, 0),
(121, 14, 'none', 405, 0),
(122, 14, 'none', 406, 0),
(123, 14, 'none', 407, 0),
(124, 14, 'none', 408, 0),
(125, 14, 'none', 409, 0),
(126, 14, 'none', 410, 0),
(127, 14, 'none', 411, 0),
(128, 14, 'none', 412, 0),
(129, 14, 'none', 413, 0),
(130, 14, 'none', 414, 0),
(131, 14, 'none', 416, 0),
(132, 14, 'none', 418, 0),
(133, 14, 'none', 420, 0),
(134, 14, 'none', 422, 0),
(135, 14, 'none', 501, 0),
(136, 16, 'none', 101, 0),
(137, 16, 'none', 102, 0),
(138, 16, 'none', 103, 0),
(139, 16, 'none', 104, 0),
(140, 16, 'none', 105, 0),
(141, 16, 'none', 106, 0),
(142, 16, 'none', 107, 0),
(143, 16, 'none', 108, 0),
(144, 16, 'none', 109, 0),
(145, 16, 'none', 110, 0),
(146, 16, 'none', 111, 0),
(147, 16, 'none', 112, 0),
(148, 16, 'none', 113, 0),
(149, 16, 'none', 114, 0),
(150, 16, 'none', 115, 0),
(151, 16, 'none', 116, 0),
(152, 16, 'none', 117, 0),
(153, 16, 'none', 118, 0),
(154, 16, 'none', 119, 0),
(155, 16, 'none', 120, 0),
(156, 16, 'none', 121, 0),
(157, 16, 'none', 122, 0),
(158, 16, 'none', 123, 0),
(159, 16, 'none', 124, 0),
(160, 16, 'none', 201, 0),
(161, 16, 'none', 202, 0),
(162, 16, 'none', 203, 0),
(163, 16, 'none', 204, 0),
(164, 16, 'none', 205, 0),
(165, 16, 'none', 206, 0),
(166, 16, 'none', 207, 0),
(167, 16, 'none', 208, 0),
(168, 16, 'none', 209, 0),
(169, 16, 'none', 210, 0),
(170, 16, 'none', 211, 0),
(171, 16, 'none', 212, 0),
(172, 16, 'none', 213, 0),
(173, 16, 'none', 214, 0),
(174, 16, 'none', 215, 0),
(175, 16, 'none', 217, 0),
(176, 16, 'none', 216, 0),
(177, 16, 'none', 218, 0),
(178, 16, 'none', 219, 0),
(179, 16, 'none', 220, 0),
(180, 16, 'none', 221, 0),
(181, 16, 'none', 222, 0),
(182, 16, 'none', 223, 0),
(183, 16, 'none', 224, 0),
(184, 16, 'none', 225, 0),
(185, 16, 'none', 301, 0),
(186, 16, 'none', 302, 0),
(187, 16, 'none', 303, 0),
(188, 16, 'none', 304, 0),
(189, 16, 'none', 305, 0),
(190, 16, 'none', 306, 0),
(191, 16, 'none', 307, 0),
(192, 16, 'none', 308, 0),
(193, 16, 'none', 309, 0),
(194, 16, 'none', 310, 0),
(195, 16, 'none', 311, 0),
(196, 16, 'none', 312, 0),
(197, 16, 'none', 313, 0),
(223, 15, 'none', 101, 0),
(224, 15, 'none', 102, 0),
(225, 15, 'none', 103, 0),
(226, 15, 'none', 104, 0),
(227, 15, 'none', 105, 0),
(228, 15, 'none', 106, 0),
(229, 15, 'none', 107, 0),
(230, 15, 'none', 108, 0),
(231, 15, 'none', 109, 0),
(232, 15, 'none', 110, 0),
(233, 15, 'none', 111, 0),
(234, 15, 'none', 112, 0),
(235, 15, 'none', 113, 0),
(236, 15, 'none', 114, 0),
(237, 15, 'none', 115, 0),
(238, 15, 'none', 116, 0),
(239, 15, 'none', 117, 0),
(240, 15, 'none', 118, 0),
(241, 15, 'none', 119, 0),
(242, 15, 'none', 120, 0),
(243, 15, 'none', 121, 0),
(244, 15, 'none', 122, 0),
(245, 15, 'none', 123, 0),
(246, 15, 'none', 124, 0),
(247, 15, 'none', 125, 0),
(248, 15, 'none', 126, 0),
(249, 15, 'none', 127, 0),
(250, 15, 'none', 128, 0),
(251, 15, 'none', 129, 0),
(252, 15, 'none', 130, 0),
(253, 15, 'none', 132, 0),
(259, 15, 'none', 201, 0),
(260, 15, 'none', 202, 0),
(261, 15, 'none', 203, 0),
(262, 15, 'none', 204, 0),
(263, 15, 'none', 205, 0),
(264, 15, 'none', 206, 0),
(265, 15, 'none', 207, 0),
(266, 15, 'none', 208, 0),
(267, 15, 'none', 209, 0),
(268, 15, 'none', 210, 0),
(269, 15, 'none', 211, 0),
(270, 15, 'none', 212, 0),
(271, 15, 'none', 213, 0),
(272, 15, 'none', 214, 0),
(273, 15, 'none', 216, 0),
(274, 15, 'none', 217, 0),
(275, 15, 'none', 218, 0),
(276, 15, 'none', 219, 0),
(277, 15, 'none', 220, 0),
(278, 15, 'none', 221, 0),
(279, 15, 'none', 222, 0),
(280, 15, 'none', 223, 0),
(281, 15, 'none', 224, 0),
(282, 15, 'none', 225, 0),
(283, 15, 'none', 226, 0),
(284, 15, 'none', 227, 0),
(285, 15, 'none', 228, 0),
(286, 15, 'none', 229, 0),
(287, 15, 'none', 230, 0),
(288, 15, 'none', 231, 0),
(289, 15, 'none', 232, 0),
(290, 15, 'none', 233, 0),
(291, 15, 'none', 234, 0),
(292, 15, 'none', 301, 0),
(293, 15, 'none', 302, 0),
(294, 15, 'none', 303, 0),
(295, 15, 'none', 304, 0),
(296, 15, 'none', 305, 0),
(297, 15, 'none', 306, 0),
(298, 15, 'none', 307, 0),
(299, 15, 'none', 308, 0),
(300, 15, 'none', 309, 0),
(301, 15, 'none', 310, 0),
(302, 15, 'none', 311, 0),
(303, 15, 'none', 312, 0),
(304, 15, 'none', 313, 0),
(305, 15, 'none', 314, 0),
(306, 15, 'none', 315, 0),
(307, 15, 'none', 316, 0),
(308, 15, 'none', 317, 0),
(309, 15, 'none', 318, 0),
(310, 15, 'none', 319, 0),
(311, 15, 'none', 320, 0),
(312, 15, 'none', 321, 0),
(313, 15, 'none', 322, 0),
(314, 15, 'none', 323, 0),
(315, 15, 'none', 324, 0),
(316, 15, 'none', 325, 0),
(317, 15, 'none', 326, 0),
(318, 15, 'none', 327, 0),
(319, 15, 'none', 328, 0),
(320, 15, 'none', 329, 0),
(321, 15, 'none', 330, 0),
(322, 15, 'none', 331, 0),
(323, 15, 'none', 332, 0),
(324, 15, 'none', 333, 0),
(325, 15, 'none', 334, 0),
(326, 15, 'none', 501, 0),
(327, 15, 'none', 502, 0),
(328, 15, 'none', 503, 0),
(329, 15, 'none', 504, 0),
(330, 15, 'none', 505, 0),
(331, 15, 'none', 506, 0),
(332, 15, 'none', 507, 0),
(333, 15, 'none', 508, 0),
(334, 15, 'none', 509, 0),
(335, 15, 'none', 510, 0),
(336, 15, 'none', 511, 0),
(337, 15, 'none', 512, 0),
(338, 15, 'none', 513, 0),
(339, 15, 'none', 514, 0),
(340, 15, 'none', 515, 0),
(341, 15, 'none', 516, 0),
(342, 15, 'none', 517, 0),
(343, 15, 'none', 518, 0),
(344, 15, 'none', 519, 0),
(345, 15, 'none', 520, 0),
(346, 15, 'none', 521, 0),
(347, 15, 'none', 522, 0),
(348, 15, 'none', 523, 0),
(349, 15, 'none', 524, 0),
(350, 15, 'none', 525, 0),
(351, 15, 'none', 527, 0),
(352, 15, 'none', 528, 0),
(353, 15, 'none', 529, 0),
(354, 15, 'none', 530, 0),
(355, 15, 'none', 131, 0),
(356, 15, 'none', 526, 0),
(357, 13, 'A', 101, 0),
(358, 13, 'A', 102, 0),
(359, 13, 'A', 103, 0),
(360, 13, 'A', 104, 0),
(361, 13, 'A', 105, 0),
(362, 13, 'A', 106, 0),
(363, 13, 'A', 107, 0),
(364, 13, 'A', 108, 0),
(365, 13, 'A', 109, 0),
(366, 13, 'A', 110, 0),
(367, 13, 'A', 111, 0),
(368, 13, 'A', 112, 0),
(369, 13, 'A', 113, 0),
(370, 13, 'A', 114, 0),
(371, 13, 'A', 115, 0),
(372, 13, 'A', 116, 0),
(373, 13, 'A', 117, 0),
(374, 13, 'A', 118, 0),
(375, 13, 'A', 119, 0),
(376, 13, 'A', 120, 0),
(377, 13, 'A', 121, 0),
(378, 13, 'A', 122, 0),
(379, 13, 'A', 123, 0),
(380, 13, 'A', 124, 0),
(381, 13, 'A', 125, 0),
(382, 13, 'A', 126, 0),
(383, 13, 'A', 127, 0),
(384, 13, 'A', 201, 0),
(385, 13, 'A', 202, 0),
(386, 13, 'A', 203, 0),
(387, 13, 'A', 204, 0),
(388, 13, 'A', 205, 0),
(389, 13, 'A', 206, 0),
(390, 13, 'A', 207, 0),
(391, 13, 'A', 208, 0),
(392, 13, 'A', 209, 0),
(393, 13, 'A', 210, 0),
(394, 13, 'A', 211, 0),
(395, 13, 'A', 212, 0),
(396, 13, 'A', 213, 0),
(397, 13, 'A', 214, 0),
(398, 13, 'A', 215, 0),
(399, 13, 'A', 216, 0),
(400, 13, 'A', 217, 0),
(401, 13, 'A', 218, 0),
(402, 13, 'A', 219, 0),
(403, 13, 'A', 220, 0),
(404, 13, 'A', 221, 0),
(405, 13, 'A', 222, 0),
(406, 13, 'A', 223, 0),
(412, 13, 'A', 301, 0),
(413, 13, 'A', 302, 0),
(414, 13, 'A', 303, 0),
(415, 13, 'A', 304, 0),
(416, 13, 'A', 305, 0),
(417, 13, 'A', 306, 0),
(418, 13, 'A', 307, 0),
(419, 13, 'A', 308, 0),
(420, 13, 'A', 309, 0),
(421, 13, 'A', 310, 0),
(422, 13, 'A', 311, 0),
(423, 13, 'A', 312, 0),
(424, 13, 'A', 313, 0),
(425, 13, 'A', 314, 0),
(426, 13, 'A', 315, 0),
(427, 13, 'A', 316, 0),
(428, 13, 'A', 317, 0),
(429, 13, 'A', 318, 0),
(430, 13, 'A', 319, 0),
(431, 13, 'A', 401, 0),
(432, 13, 'A', 402, 0),
(433, 13, 'A', 403, 0),
(434, 13, 'A', 404, 0),
(435, 13, 'A', 405, 0),
(436, 13, 'A', 406, 0),
(437, 13, 'A', 407, 0),
(438, 13, 'A', 408, 0),
(439, 13, 'A', 409, 0),
(440, 13, 'A', 410, 0),
(441, 13, 'A', 412, 0),
(442, 13, 'A', 411, 0),
(443, 13, 'A', 413, 0),
(444, 13, 'A', 414, 0),
(445, 13, 'A', 416, 0),
(446, 13, 'A', 415, 0),
(447, 13, 'A', 417, 0),
(448, 13, 'A', 418, 0),
(449, 13, 'A', 419, 0),
(450, 13, 'B', 401, 0),
(451, 13, 'B', 402, 0),
(452, 13, 'B', 403, 0),
(453, 13, 'B', 404, 0),
(454, 13, 'B', 405, 0),
(455, 13, 'B', 406, 0),
(456, 13, 'B', 407, 0),
(457, 13, 'B', 408, 0),
(458, 13, 'B', 409, 0),
(459, 13, 'B', 410, 0),
(460, 13, 'B', 411, 0),
(461, 13, 'B', 412, 0),
(463, 13, 'B', 501, 0),
(464, 13, 'B', 502, 0),
(465, 13, 'B', 503, 0),
(466, 13, 'B', 504, 0),
(467, 13, 'B', 505, 0),
(468, 13, 'B', 506, 0),
(469, 13, 'B', 507, 0),
(470, 13, 'B', 508, 0),
(471, 13, 'B', 509, 0),
(472, 13, 'B', 510, 0),
(473, 13, 'B', 511, 0),
(474, 13, 'B', 512, 0),
(475, 13, 'B', 601, 0),
(476, 13, 'B', 602, 0),
(477, 13, 'B', 603, 0),
(478, 13, 'B', 604, 0),
(479, 13, 'B', 605, 0),
(480, 13, 'B', 606, 0),
(481, 13, 'B', 607, 0),
(482, 13, 'B', 608, 0),
(483, 13, 'B', 609, 0),
(484, 13, 'B', 610, 0),
(485, 13, 'B', 611, 0),
(486, 13, 'B', 612, 0),
(487, 17, 'none', 101, 0),
(488, 17, 'none', 102, 0),
(489, 17, 'none', 103, 0),
(490, 17, 'none', 104, 0),
(491, 17, 'none', 105, 0),
(492, 17, 'none', 106, 0),
(493, 17, 'none', 107, 0),
(494, 17, 'none', 108, 0),
(495, 17, 'none', 109, 0),
(496, 17, 'none', 110, 0),
(497, 17, 'none', 111, 0),
(498, 17, 'none', 112, 0),
(499, 17, 'none', 113, 0),
(500, 17, 'none', 114, 0),
(501, 17, 'none', 115, 0),
(502, 17, 'none', 116, 0),
(503, 17, 'none', 117, 0),
(504, 17, 'none', 118, 0),
(505, 17, 'none', 119, 0),
(506, 17, 'none', 201, 0),
(507, 17, 'none', 202, 0),
(508, 17, 'none', 203, 0),
(509, 17, 'none', 204, 0),
(510, 17, 'none', 205, 0),
(511, 17, 'none', 206, 0),
(512, 17, 'none', 207, 0),
(513, 17, 'none', 208, 0),
(514, 17, 'none', 209, 0),
(515, 17, 'none', 210, 0),
(516, 17, 'none', 211, 0),
(517, 17, 'none', 212, 0),
(518, 17, 'none', 213, 0),
(519, 17, 'none', 214, 0),
(520, 17, 'none', 215, 0),
(521, 17, 'none', 216, 0),
(522, 17, 'none', 217, 0),
(523, 17, 'none', 218, 0),
(524, 17, 'none', 219, 0),
(525, 17, 'none', 220, 0),
(526, 17, 'none', 221, 0),
(527, 17, 'none', 222, 0),
(528, 17, 'none', 223, 0),
(529, 17, 'none', 224, 0),
(530, 17, 'none', 225, 0),
(531, 17, 'none', 226, 0),
(532, 17, 'none', 227, 0),
(533, 17, 'none', 228, 0),
(534, 17, 'none', 301, 0),
(535, 17, 'none', 302, 0),
(536, 17, 'none', 303, 0),
(537, 17, 'none', 304, 0),
(538, 17, 'none', 305, 0),
(539, 17, 'none', 306, 0),
(540, 17, 'none', 307, 0),
(541, 17, 'none', 308, 0),
(542, 17, 'none', 309, 0),
(554, 17, 'none', 401, 0),
(555, 17, 'none', 402, 0),
(556, 17, 'none', 403, 0),
(557, 17, 'none', 404, 0),
(558, 17, 'none', 405, 0),
(559, 17, 'none', 406, 0),
(560, 17, 'none', 407, 0),
(561, 17, 'none', 408, 0),
(562, 17, 'none', 409, 0),
(563, 17, 'none', 501, 0),
(564, 17, 'none', 502, 0),
(565, 17, 'none', 503, 0),
(566, 17, 'none', 504, 0),
(567, 17, 'none', 505, 0),
(568, 17, 'none', 506, 0),
(569, 17, 'none', 507, 0),
(570, 17, 'none', 508, 0),
(571, 17, 'none', 509, 0),
(572, 17, 'none', 510, 0),
(573, 17, 'none', 511, 0),
(574, 18, 'none', 101, 0),
(575, 18, 'none', 102, 0),
(576, 18, 'none', 103, 0),
(577, 18, 'none', 104, 0),
(578, 18, 'none', 105, 0),
(579, 18, 'none', 106, 0),
(580, 18, 'none', 107, 0),
(581, 18, 'none', 108, 0),
(582, 18, 'none', 109, 0),
(583, 18, 'none', 201, 0),
(584, 18, 'none', 202, 0),
(585, 18, 'none', 203, 0),
(586, 18, 'none', 204, 0),
(587, 18, 'none', 205, 0),
(588, 18, 'none', 206, 0),
(589, 18, 'none', 207, 0),
(590, 18, 'none', 208, 0),
(591, 18, 'none', 209, 0),
(592, 18, 'none', 210, 0),
(593, 18, 'none', 211, 0),
(594, 18, 'none', 212, 0),
(595, 18, 'none', 213, 0),
(596, 18, 'none', 214, 0),
(597, 18, 'none', 215, 0),
(598, 18, 'none', 216, 0),
(599, 18, 'none', 217, 0),
(600, 18, 'none', 218, 0),
(601, 18, 'none', 301, 0),
(602, 18, 'none', 302, 0),
(603, 18, 'none', 303, 0),
(604, 18, 'none', 304, 0),
(605, 18, 'none', 305, 0),
(606, 18, 'none', 306, 0),
(607, 18, 'none', 307, 0),
(608, 18, 'none', 308, 0),
(609, 18, 'none', 309, 0),
(610, 18, 'none', 310, 0),
(611, 18, 'none', 311, 0),
(612, 18, 'none', 312, 0),
(613, 18, 'none', 313, 0),
(614, 18, 'none', 314, 0),
(615, 18, 'none', 315, 0),
(616, 18, 'none', 316, 0),
(617, 18, 'none', 317, 0),
(618, 18, 'none', 318, 0),
(619, 18, 'none', 401, 0),
(620, 18, 'none', 402, 0),
(621, 18, 'none', 403, 0),
(622, 18, 'none', 404, 0),
(623, 18, 'none', 405, 0),
(624, 18, 'none', 406, 0),
(625, 18, 'none', 407, 0),
(626, 18, 'none', 408, 0),
(627, 18, 'none', 409, 0),
(628, 18, 'none', 410, 0),
(629, 18, 'none', 411, 0),
(630, 18, 'none', 412, 0),
(631, 18, 'none', 413, 0),
(632, 18, 'none', 414, 0),
(633, 18, 'none', 415, 0),
(634, 18, 'none', 416, 0),
(635, 18, 'none', 417, 0),
(636, 18, 'none', 418, 0);

-- --------------------------------------------------------

--
-- Table structure for table `tblsans`
--

CREATE TABLE `tblsans` (
  `id` int(11) NOT NULL,
  `id_khadamat` int(11) NOT NULL,
  `day_of_weeken` varchar(300) COLLATE utf8_persian_ci NOT NULL,
  `time` varchar(300) COLLATE utf8_persian_ci NOT NULL,
  `women_men` varchar(300) COLLATE utf8_persian_ci NOT NULL,
  `descrition` varchar(300) COLLATE utf8_persian_ci NOT NULL,
  `id_hotel` int(11) NOT NULL
) ENGINE=InnoDB DEFAULT CHARSET=utf8 COLLATE=utf8_persian_ci;

--
-- Dumping data for table `tblsans`
--

INSERT INTO `tblsans` (`id`, `id_khadamat`, `day_of_weeken`, `time`, `women_men`, `descrition`, `id_hotel`) VALUES
(1, 4, 'Saturday', '234', 'women', 'سبیس', 3),
(2, 5, 'Saturday', '234', 'both', 'سبیس', 7),
(3, 5, 'all', '234', 'women', 'سبیس', 7),
(4, 7, 'all', '9-12', 'بانوان/ آقایان', 'صبحانه', 11),
(5, 7, 'Sunday', '9-12', 'بانوان', 'شام', 11),
(6, 9, 'همه روزه', '18-9', 'بانوان', '.', 13),
(7, 13, 'همه روزه', '20-8', 'بانوان/ آقایان', 'نظافت اتاق های هتل', 13),
(8, 14, 'همه روزه', '17-8', 'بانوان/ آقایان', 'جهت عکس رایگان تماس حاصل فرمایید', 13),
(9, 10, 'همه روزه', '10-8', 'بانوان/ آقایان', 'صبحانه رایگان', 13),
(10, 10, 'همه روزه', '15:30-13', 'بانوان/ آقایان', 'نهار بصورت منوی روزانه ', 13),
(11, 8, 'همه روزه', '24ساعته', 'بانوان/ آقایان', 'تمامی خدمات مربوط به کافی شاپ ارائه میگردد', 13),
(12, 16, 'همه روزه', '10-8', 'بانوان/ آقایان', 'صبحانه رایگان', 14),
(13, 16, 'همه روزه', '15:30 -13', 'بانوان/ آقایان', 'نهار بصورت منوی روزانه', 14),
(14, 17, 'همه روزه', '15-12', 'بانوان/ آقایان', 'نهار- فست فود', 14),
(15, 17, 'همه روزه', '2-20', 'بانوان/ آقایان', 'شام - فست فود', 14),
(16, 19, 'همه روزه', '18-9', 'بانوان/ آقایان', 'جهت عکس رایگان تماس حاصل فرمایید.', 14),
(17, 21, 'همه روزه', '5-17 صبح', 'بانوان/ آقایان', 'قلیان-چای-نوشیدنی ', 14),
(18, 23, 'همه روزه', '17-10', 'بانوان', 'دوشنبه هاو پنج شنبه ها 2ساعت با تاخیر شروع می شود.', 14),
(19, 23, 'همه روزه', '12-18', 'آقایان', 'دوشنبه هاو پنج شنبه ها 2ساعت با تاخیر شروع می شود.', 14),
(20, 25, 'همه روزه', '21-9', 'بانوان/ آقایان', 'تمامی خدمات مربوط به گردشگری ارائه میگردد.', 14),
(21, 20, 'همه روزه', 'بامداد1-9', 'بانوان/ آقایان', '20درصد تخفیف', 14),
(22, 26, 'همه روزه', '18-8', 'بانوان/ آقایان', '.', 14),
(23, 27, 'همه روزه', '17-10', 'بانوان', 'ماساژ در استخر هتل انجام می شود.دوشنبه هاو پنج شنبه ها 2ساعت با تاخیر شروع می شود.', 14),
(24, 27, 'همه روزه', 'شب12-18', 'آقایان', 'ماساژ در استخر انجام میشود .دوشنبه هاو پنج شنبه ها 2ساعت با تاخیر شروع می شود.', 14),
(25, 28, 'همه روزه', '24ساعته', 'بانوان/ آقایان', 'نگهداری از چمدان های شما مهمان های عزیز', 14),
(26, 29, 'همه روزه', '24ساعته', 'بانوان/ آقایان', 'نمازخانه', 14),
(27, 31, 'همه روزه', '24ساعته', 'بانوان/ آقایان', 'هماهنگی با پذیرش', 14),
(28, 34, 'همه روزه', '19-8', 'بانوان/ آقایان', 'جهت عکس رایگان از 24 ساعت قبل با واحد عکاسی هماهنگ فرمایید.', 15),
(29, 35, 'همه روزه', '22-9', 'بانوان/ آقایان', 'کلیه خدمات مربوط به گردشگری ارائه می شود.', 15),
(30, 36, 'همه روزه', '17-8', 'بانوان', 'کلیه خدمات مربوط به ماساژ ارائه می شود.', 15),
(31, 36, 'همه روزه', 'شب12-18', 'آقایان', 'کلیه خدمات مربوط به ماساژ ارائه می شود.', 15),
(32, 37, 'همه روزه', '17-8', 'بانوان', 'سوناوجکوزی به صورت رایگان میباشد. و دارای فیش اسپا و حمام ترکی می باشد.', 15),
(33, 37, 'همه روزه', 'شب12-18', 'آقایان', 'سوناوجکوزی به صورت رایگان میباشد. و دارای فیش اسپا و حمام ترکی می باشد.', 15),
(34, 38, 'همه روزه', '21-9', 'بانوان/ آقایان', 'کلیه خدمات مربوط به حناکاری ارائه می شود.', 15),
(35, 39, 'همه روزه', '24ساعته', 'بانوان/ آقایان', 'کلیه خدمات مربوط به کافی شاپ ارائه می شود.', 15),
(36, 40, 'همه روزه', '24ساعته', 'بانوان/ آقایان', 'کلیه خدمات مربوط به نظافت ارائه می شود.', 15),
(37, 41, 'all', 'شب12-8', 'بانوان/ آقایان', '.', 15),
(38, 42, 'همه روزه', '22-9', 'بانوان/ آقایان', '.', 15),
(39, 43, 'همه روزه', '24ساعته', 'بانوان/ آقایان', '.', 15),
(40, 44, 'همه روزه', '24ساعته', 'بانوان/ آقایان', 'کلیه خدمات مربوط به کافی شاپ ارائه می شود.', 16),
(41, 45, 'همه روزه', '24ساعته', 'بانوان/ آقایان', 'اجاره انواع خودروهای خارجی', 16),
(42, 46, 'همه روزه', '24ساعته', 'بانوان/ آقایان', 'نظافت اتاق های هتل', 16),
(43, 47, 'همه روزه', '23-9', 'بانوان/ آقایان', 'کلیه خدمات مربوط به گردشگری ارائه می شود.', 16),
(44, 48, 'همه روزه', '24ساعته', 'بانوان/ آقایان', 'کلیه خدمات مربوط به لاندری ارائه می شود.', 16),
(45, 49, 'همه روزه', '24ساعته', 'بانوان/ آقایان', '.', 16),
(46, 32, 'همه روزه', '9-14', 'بانوان/ آقایان', 'کلیه خدمات مربوط به عکاسی ارائه می شود.', 16),
(47, 50, 'همه روزه', '24ساعته', 'بانوان/ آقایان', 'کلیه خدمات مربوط  ارائه می شود.', 16),
(48, 33, 'همه روزه', '8-10', 'بانوان/ آقایان', 'صبحانه به صورت رایگان ارائه می شود.', 16),
(49, 33, 'همه روزه', '13-15', 'بانوان/ آقایان', 'نهار بصورت منوی روزانه', 16),
(50, 51, 'همه روزه', '24ساعته', 'بانوان/ آقایان', 'اجاره انواع دوچرخه به صورت 24 ساعته', 16),
(51, 52, 'همه روزه', '24ساعته', 'بانوان/ آقایان', 'نگهداری از چمدان های شما مهمان های عزیز', 16),
(52, 53, 'همه روزه', '7-10', 'بانوان/ آقایان', 'صبحانه به صورت رایگان ارائه می شود.', 15),
(53, 53, 'همه روزه', '13-16', 'بانوان/ آقایان', 'نهار بصورت منوی روزانه', 15),
(54, 53, 'همه روزه', '16-20', 'بانوان/ آقایان', 'عصرانه ', 15),
(55, 53, 'همه روزه', '20-24', 'بانوان/ آقایان', ' شام ', 15),
(56, 53, 'همه روزه', 'از1بامداد تا7 صبح', 'بانوان/ آقایان', 'سرو غذاهای سبک ', 15),
(57, 54, 'همه روزه', 'از 12ظهر تا 1بامداد', 'بانوان/ آقایان', 'کلیه خدمات مربوط  ارائه می شود.', 15),
(58, 55, 'همه روزه', '24ساعته', 'بانوان/ آقایان', 'کلیه خدمات مربوط  ارائه می شود.', 15),
(59, 56, 'همه روزه', '24ساعته', 'بانوان/ آقایان', 'کلیه خدمات مربوط  ارائه می شود.', 15),
(60, 57, 'all', '15-10', 'بانوان/ آقایان', 'کلیه خدمات مربوط  ارائه می شود.', 17),
(61, 58, 'همه روزه', '8-10', 'بانوان/ آقایان', 'صبحانه به صورت رایگان ارائه می شود.', 17),
(62, 58, 'همه روزه', '17-13', 'بانوان/ آقایان', 'نهار بصورت منوی روزانه', 17),
(63, 59, 'همه روزه', '20-9', 'بانوان/ آقایان', 'کلیه خدمات مربوط  ارائه می شود.', 17),
(64, 60, 'همه روزه', '24ساعته', 'بانوان/ آقایان', 'کلیه خدمات مربوط به کافی شاپ ارائه می شود.', 17),
(65, 61, 'all', 'از13تا 4 صبح', 'بانوان/ آقایان', 'کلیه خدمات مربوط  ارائه می شود.', 17),
(66, 62, 'همه روزه', '24ساعته', 'بانوان/ آقایان', '.', 17),
(67, 63, 'همه روزه', '18-9', 'بانوان/ آقایان', 'کلیه خدمات مربوط  ارائه می شود.', 17),
(68, 64, 'همه روزه', '24ساعته', 'بانوان/ آقایان', 'کلیه خدمات مربوط  ارائه می شود.', 17),
(69, 65, 'همه روزه', '24ساعته', 'بانوان/ آقایان', 'کلیه خدمات مربوط  ارائه می شود.', 17),
(70, 66, 'همه روزه', '24ساعته', 'بانوان/ آقایان', 'کلیه خدمات مربوط  ارائه می شود.', 17),
(72, 68, 'همه روزه', '24ساعته', 'بانوان/ آقایان', 'کلیه خدمات مربوط  ارائه می شود.', 18),
(73, 69, 'همه روزه', '10-8', 'بانوان/ آقایان', 'صبحانه به صورت رایگان ارائه می شود.', 18),
(74, 69, 'همه روزه', '15-13', 'بانوان/ آقایان', 'نهار بصورت منوی روزانه', 18),
(76, 69, 'همه روزه', '22-20', 'بانوان/ آقایان', 'شام - فست فود', 18),
(77, 70, 'همه روزه', 'از14 الی 4صبح', 'بانوان/ آقایان', 'کلیه خدمات مربوط  ارائه می شود.', 18),
(78, 71, 'همه روزه', '24ساعته', 'بانوان/ آقایان', 'کلیه خدمات مربوط  ارائه می شود.', 18),
(79, 72, 'همه روزه', '24ساعته', 'بانوان/ آقایان', 'کلیه خدمات مربوط  ارائه می شود.', 18);

-- --------------------------------------------------------

--
-- Table structure for table `tblsavepeaple`
--

CREATE TABLE `tblsavepeaple` (
  `id` int(11) NOT NULL,
  `id_hotel` int(11) NOT NULL,
  `name` varchar(300) COLLATE utf8_persian_ci NOT NULL,
  `tell` varchar(300) COLLATE utf8_persian_ci NOT NULL,
  `namehotel` varchar(300) COLLATE utf8_persian_ci NOT NULL,
  `date_enter` date NOT NULL,
  `date_enter_ir` varchar(300) COLLATE utf8_persian_ci NOT NULL,
  `date_exit` date NOT NULL,
  `date_exit_ir` varchar(300) COLLATE utf8_persian_ci NOT NULL
) ENGINE=InnoDB DEFAULT CHARSET=utf8 COLLATE=utf8_persian_ci;

--
-- Dumping data for table `tblsavepeaple`
--

INSERT INTO `tblsavepeaple` (`id`, `id_hotel`, `name`, `tell`, `namehotel`, `date_enter`, `date_enter_ir`, `date_exit`, `date_exit_ir`) VALUES
(1, 13, 'fd daf', '3123', 'گامبرون', '2018-08-08', '17/05/1397', '2018-08-09', '18/05/1397'),
(2, 13, 'dadf dfaf', '243432', 'گامبرون', '2018-08-08', '17/05/1397', '2018-08-09', '18/05/1397'),
(3, 13, 'افسانه  صادقی', '09398033097', 'گامبرون', '2018-08-15', '24/05/1397', '2018-08-21', '30/05/1397'),
(4, 13, 'مهدی سیستانی', '09301574736', 'گامبرون', '2018-08-18', '27/05/1397', '2019-01-28', '08/11/1397'),
(5, 14, 'FAS DSAD', '13231', 'پارمیدا', '2018-08-21', '30/05/1397', '2018-08-22', '31/05/1397'),
(6, 13, 'amir nejati', '09191256935', 'گامبرون', '2018-08-21', '30/05/1397', '2018-08-22', '31/05/1397'),
(7, 13, 'leyla pori', '09146561899', 'گامبرون', '2018-08-21', '30/05/1397', '2018-09-06', '15/06/1397'),
(8, 14, 'اتنا حاجیان', '۰۹۰۲۷۳۲۹۱۹۹', 'پارمیدا', '2018-08-29', '07/06/1397', '2018-09-06', '15/06/1397'),
(9, 17, 'عادل ویسه', '۰۹۱۷۳۰۷۶۴۴۵', 'هتل آرامش', '2018-09-02', '11/06/1397', '2018-09-06', '15/06/1397'),
(10, 17, 'پيمان صفدرخاني', '09134526055', 'هتل آرامش', '2018-09-06', '15/06/1397', '2018-09-10', '19/06/1397'),
(11, 17, 'صادق صادقی', '09395344723', 'هتل آرامش', '2018-09-08', '17/06/1397', '2018-09-12', '21/06/1397'),
(12, 14, 'احسان نيكخو', '09142255949', 'پارمیدا', '2018-09-21', '30/06/1397', '2018-09-24', '02/07/1397');

-- --------------------------------------------------------

--
-- Table structure for table `user`
--

CREATE TABLE `user` (
  `id` int(11) NOT NULL,
  `username` varchar(255) COLLATE utf8_unicode_ci NOT NULL,
  `auth_key` varchar(32) COLLATE utf8_unicode_ci NOT NULL,
  `password_hash` varchar(255) COLLATE utf8_unicode_ci NOT NULL,
  `password_reset_token` varchar(255) COLLATE utf8_unicode_ci DEFAULT NULL,
  `email` varchar(255) COLLATE utf8_unicode_ci DEFAULT NULL,
  `status` smallint(6) NOT NULL DEFAULT '10',
  `created_at` int(11) NOT NULL,
  `updated_at` int(11) NOT NULL
) ENGINE=InnoDB DEFAULT CHARSET=utf8 COLLATE=utf8_unicode_ci;

--
-- Dumping data for table `user`
--

INSERT INTO `user` (`id`, `username`, `auth_key`, `password_hash`, `password_reset_token`, `email`, `status`, `created_at`, `updated_at`) VALUES
(128, 'hale12', 'Of57UFNVqSomA1RAS3NRuHg-bSfWWea_', '$2y$13$mijQoqAatBGp2Wm4qEH/4OnsYhNHH4mD45rG.TN0W9GkOhoE9h16C', NULL, NULL, 10, 1534755220, 1538300907),
(129, 'hale13', 'WbpoEgrM8UuTpW-8vD0XzTYoNI3WjiLN', '$2y$13$xFh9jFnoHVaI3YV7..N4yOlcbTjHBLzBu4zq3rvkkrLTx1A07HSAq', NULL, NULL, 10, 1534755630, 1534755630),
(130, 'hale17', '2ZYOoUPXWccyKrex0XpdRy2dKbUMtTuY', '$2y$13$nVqcIorRySMidAg.vI7wP.wk9n2lDVrPMsJPbf7qhA8FDozQBFu3S', NULL, NULL, 10, 1534758279, 1534758279),
(131, 'hale37', 'dcw8hju9a-SSzK1jm3bXO_u9EUA2d-Qc', '$2y$13$kv5MFgcLxzMoCl./yS5iC.r2MnewnhXObe/bh0/JYJLWF9YUKamqS', NULL, NULL, 10, 1534758374, 1534758374),
(137, 'amir1', 'C1jPIVLwJz755bv_4KW7j7Yo65-tKa5k', '$2y$13$5n5AYDcDA4UqNt9aFA3h0uyxgaPHjMbtpCShNutefZHcYeqOTMJDW', NULL, NULL, 10, 1534830753, 1534830753),
(138, 'Layla', 'SmYN8forebLoVSx_tG77onyvI1FnkLn9', '$2y$13$psbvfIF9N2hoNO9b0IWU4es0/saSITLdlYlRGVWjuU6IgNc8.x52S', NULL, NULL, 10, 1534925024, 1534925024),
(139, 'Layla1', 'RcB-5c5iceAnyhVxdSqs_kSNsGsy1le0', '$2y$13$bEsSbBITPFwWC/Rp.4I.Yu4dID3ZqYNvyDWfDTfP8o/xd06r/U6oi', NULL, NULL, 10, 1534925175, 1534925175),
(140, 'hale11', 'yf25ez6KXbcHy93G_IaMzG9Vb0gHaJJl', '$2y$13$lJQletIu3GuapJpGiXCmpePSKf0TsZdI6IhXFvmaXxzVRdLOV1SHy', NULL, NULL, 10, 1534931624, 1534931624),
(141, 'mohammad', '58Gc7A3a45kbyORdYu9IGc9oLyHWlUoW', '$2y$13$3sNX70p8nxkhyyIwPNQ5I.7jfZTe/jzqqj3APHnVCgrnqyBSg0i0a', NULL, NULL, 10, 1534933528, 1534933528),
(142, 'amir', 'cqlAK1e7DOxIy8RSLP3mMlTUhA0vsbQP', '$2y$13$ieE8szN/ajPiGJUylbSYVOTfqXdNR6YENHRtia4rfdK79yKG2Gvj6', NULL, NULL, 10, 1535006794, 1535006794),
(143, 'jalili', '0K7WH8SOLI9LS81pHiBUH2HTww0dVdtB', '$2y$13$A7aJ0a1uNeiGdtFOlEcqH.YZLIjnqJoCCKNwHa1P9T7qmHRjHa1d6', NULL, NULL, 10, 1535201445, 1535201445),
(144, 'majid', 'S08cIw4RzmtKnyJB6F97V_BgW2lTPJTJ', '$2y$13$x5byleey7eZy0yHM2WQfge.7UdIrnpkPC5NAiOTCwaFigZS1KsSs.', NULL, NULL, 10, 1535201585, 1535201585),
(145, 'Ali', 'YCUowjJu4r4giC0krTZ0WigBdKbCYGXk', '$2y$13$P5laSFOAXp/9XBQEqL0VQOX0nlB27Hin9bnCWdjyzJhU9OhEU/enK', NULL, NULL, 10, 1535301358, 1535301358),
(148, 'moeiiin_sh', 'pMec0nmfUk8HjBH2TS2gNhrnSHUpR3PT', '$2y$13$FL4qinER5zRd5ZIpc8Ln6O4JUwpfsKmhbr7frEfmZRenZBW20bdOy', NULL, NULL, 10, 1535448604, 1535448604),
(165, 'ehsan.nick', '3li0fNPtUtIJb3mjbN_YpZP9heUmqJbE', '$2y$13$tJ/FfiKWWT85NXRDA6qkGubGFfL8jW2oxxi3fBCtizebPwnI3SLsy', NULL, NULL, 10, 1537524561, 1537524561);

--
-- Indexes for dumped tables
--

--
-- Indexes for table `auth_assignment`
--
ALTER TABLE `auth_assignment`
  ADD PRIMARY KEY (`item_name`,`user_id`),
  ADD KEY `auth_assignment_user_id_idx` (`user_id`);

--
-- Indexes for table `auth_item`
--
ALTER TABLE `auth_item`
  ADD PRIMARY KEY (`name`),
  ADD KEY `rule_name` (`rule_name`),
  ADD KEY `idx-auth_item-type` (`type`);

--
-- Indexes for table `auth_item_child`
--
ALTER TABLE `auth_item_child`
  ADD PRIMARY KEY (`parent`,`child`),
  ADD KEY `child` (`child`);

--
-- Indexes for table `auth_rule`
--
ALTER TABLE `auth_rule`
  ADD PRIMARY KEY (`name`);

--
-- Indexes for table `migration`
--
ALTER TABLE `migration`
  ADD PRIMARY KEY (`version`);

--
-- Indexes for table `tbhotel`
--
ALTER TABLE `tbhotel`
  ADD PRIMARY KEY (`id`);

--
-- Indexes for table `tblcathotel`
--
ALTER TABLE `tblcathotel`
  ADD PRIMARY KEY (`id`);

--
-- Indexes for table `tblcatpost`
--
ALTER TABLE `tblcatpost`
  ADD PRIMARY KEY (`id`);

--
-- Indexes for table `tblcod`
--
ALTER TABLE `tblcod`
  ADD PRIMARY KEY (`id`);

--
-- Indexes for table `tbldes`
--
ALTER TABLE `tbldes`
  ADD PRIMARY KEY (`id`);

--
-- Indexes for table `tblgallery`
--
ALTER TABLE `tblgallery`
  ADD PRIMARY KEY (`id`);

--
-- Indexes for table `tbljastlink`
--
ALTER TABLE `tbljastlink`
  ADD PRIMARY KEY (`id`);

--
-- Indexes for table `tblkhadamat`
--
ALTER TABLE `tblkhadamat`
  ADD PRIMARY KEY (`id`);

--
-- Indexes for table `tbllink`
--
ALTER TABLE `tbllink`
  ADD PRIMARY KEY (`id`);

--
-- Indexes for table `tblmessage`
--
ALTER TABLE `tblmessage`
  ADD PRIMARY KEY (`id`);

--
-- Indexes for table `tblpost`
--
ALTER TABLE `tblpost`
  ADD PRIMARY KEY (`id`);

--
-- Indexes for table `tblprofile`
--
ALTER TABLE `tblprofile`
  ADD PRIMARY KEY (`id`);

--
-- Indexes for table `tblroom`
--
ALTER TABLE `tblroom`
  ADD PRIMARY KEY (`id`);

--
-- Indexes for table `tblsans`
--
ALTER TABLE `tblsans`
  ADD PRIMARY KEY (`id`);

--
-- Indexes for table `tblsavepeaple`
--
ALTER TABLE `tblsavepeaple`
  ADD PRIMARY KEY (`id`);

--
-- Indexes for table `user`
--
ALTER TABLE `user`
  ADD PRIMARY KEY (`id`),
  ADD UNIQUE KEY `username` (`username`),
  ADD UNIQUE KEY `email` (`email`),
  ADD UNIQUE KEY `password_reset_token` (`password_reset_token`);

--
-- AUTO_INCREMENT for dumped tables
--

--
-- AUTO_INCREMENT for table `tbhotel`
--
ALTER TABLE `tbhotel`
  MODIFY `id` int(11) NOT NULL AUTO_INCREMENT, AUTO_INCREMENT=19;

--
-- AUTO_INCREMENT for table `tblcathotel`
--
ALTER TABLE `tblcathotel`
  MODIFY `id` int(11) NOT NULL AUTO_INCREMENT, AUTO_INCREMENT=83;

--
-- AUTO_INCREMENT for table `tblcatpost`
--
ALTER TABLE `tblcatpost`
  MODIFY `id` int(11) NOT NULL AUTO_INCREMENT, AUTO_INCREMENT=13;

--
-- AUTO_INCREMENT for table `tblcod`
--
ALTER TABLE `tblcod`
  MODIFY `id` int(11) NOT NULL AUTO_INCREMENT, AUTO_INCREMENT=2282;

--
-- AUTO_INCREMENT for table `tbldes`
--
ALTER TABLE `tbldes`
  MODIFY `id` int(11) NOT NULL AUTO_INCREMENT, AUTO_INCREMENT=62;

--
-- AUTO_INCREMENT for table `tblgallery`
--
ALTER TABLE `tblgallery`
  MODIFY `id` int(11) NOT NULL AUTO_INCREMENT, AUTO_INCREMENT=50;

--
-- AUTO_INCREMENT for table `tbljastlink`
--
ALTER TABLE `tbljastlink`
  MODIFY `id` int(11) NOT NULL AUTO_INCREMENT;

--
-- AUTO_INCREMENT for table `tblkhadamat`
--
ALTER TABLE `tblkhadamat`
  MODIFY `id` int(11) NOT NULL AUTO_INCREMENT, AUTO_INCREMENT=74;

--
-- AUTO_INCREMENT for table `tbllink`
--
ALTER TABLE `tbllink`
  MODIFY `id` int(11) NOT NULL AUTO_INCREMENT, AUTO_INCREMENT=55;

--
-- AUTO_INCREMENT for table `tblmessage`
--
ALTER TABLE `tblmessage`
  MODIFY `id` int(11) NOT NULL AUTO_INCREMENT, AUTO_INCREMENT=35;

--
-- AUTO_INCREMENT for table `tblpost`
--
ALTER TABLE `tblpost`
  MODIFY `id` int(11) NOT NULL AUTO_INCREMENT, AUTO_INCREMENT=12;

--
-- AUTO_INCREMENT for table `tblprofile`
--
ALTER TABLE `tblprofile`
  MODIFY `id` int(11) NOT NULL AUTO_INCREMENT, AUTO_INCREMENT=72;

--
-- AUTO_INCREMENT for table `tblroom`
--
ALTER TABLE `tblroom`
  MODIFY `id` int(11) NOT NULL AUTO_INCREMENT, AUTO_INCREMENT=637;

--
-- AUTO_INCREMENT for table `tblsans`
--
ALTER TABLE `tblsans`
  MODIFY `id` int(11) NOT NULL AUTO_INCREMENT, AUTO_INCREMENT=80;

--
-- AUTO_INCREMENT for table `tblsavepeaple`
--
ALTER TABLE `tblsavepeaple`
  MODIFY `id` int(11) NOT NULL AUTO_INCREMENT, AUTO_INCREMENT=13;

--
-- AUTO_INCREMENT for table `user`
--
ALTER TABLE `user`
  MODIFY `id` int(11) NOT NULL AUTO_INCREMENT, AUTO_INCREMENT=166;

--
-- Constraints for dumped tables
--

--
-- Constraints for table `auth_assignment`
--
ALTER TABLE `auth_assignment`
  ADD CONSTRAINT `auth_assignment_ibfk_1` FOREIGN KEY (`item_name`) REFERENCES `auth_item` (`name`) ON DELETE CASCADE ON UPDATE CASCADE;

--
-- Constraints for table `auth_item`
--
ALTER TABLE `auth_item`
  ADD CONSTRAINT `auth_item_ibfk_1` FOREIGN KEY (`rule_name`) REFERENCES `auth_rule` (`name`) ON DELETE SET NULL ON UPDATE CASCADE;

--
-- Constraints for table `auth_item_child`
--
ALTER TABLE `auth_item_child`
  ADD CONSTRAINT `auth_item_child_ibfk_1` FOREIGN KEY (`parent`) REFERENCES `auth_item` (`name`) ON DELETE CASCADE ON UPDATE CASCADE,
  ADD CONSTRAINT `auth_item_child_ibfk_2` FOREIGN KEY (`child`) REFERENCES `auth_item` (`name`) ON DELETE CASCADE ON UPDATE CASCADE;
COMMIT;

/*!40101 SET CHARACTER_SET_CLIENT=@OLD_CHARACTER_SET_CLIENT */;
/*!40101 SET CHARACTER_SET_RESULTS=@OLD_CHARACTER_SET_RESULTS */;
/*!40101 SET COLLATION_CONNECTION=@OLD_COLLATION_CONNECTION */;
